tree
version=v4
num_class=1
num_tree_per_iteration=1
label_index=0
max_feature_idx=138
objective=binary sigmoid:1
feature_names=network_signal_strength_dbm network_latency_ms network_packet_loss_percent network_heartbeat_gap_sec network_timeout_count network_reconnect_count power_input_voltage_v power_voltage_variation_v power_battery_charge_percent power_battery_health_percent power_ups_transfers power_power_supply_temp_c power_unexpected_reboot_count temperature_cabinet_temp_c temperature_cpu_temp_c temperature_power_module_temp_c temperature_fan_speed_rpm temperature_fan_warning temperature_time_above_warning_temp_min dispenser_failed_pick_count dispenser_note_reject_rate_percent dispenser_double_note_count dispenser_retract_bin_count dispenser_motor_current_ma dispenser_jam_warning_count dispenser_successful_dispense_count card_reader_read_retry_rate_percent card_reader_retained_card_count card_reader_reader_reset_count card_reader_reader_unavailable_warning printer_paper_level_percent printer_paper_low_warning printer_cutter_error_count printer_printer_temp_c printer_failed_print_count software_cpu_usage_percent software_memory_usage_percent software_disk_usage_percent software_app_restart_count software_os_error_count software_uptime_hours monitoring_successful_transaction_count monitoring_failed_transaction_count monitoring_timeout_count monitoring_decline_count monitoring_unresolved_warning_count monitoring_time_since_last_transaction_min atm_age_years installation_type temperature_cabinet_temp_c_rolling_mean_15m temperature_cabinet_temp_c_rolling_std_15m temperature_cabinet_temp_c_rolling_max_15m power_input_voltage_v_rolling_mean_15m power_input_voltage_v_rolling_std_15m power_input_voltage_v_rolling_max_15m network_latency_ms_rolling_mean_15m network_latency_ms_rolling_std_15m network_latency_ms_rolling_max_15m dispenser_failed_pick_count_rolling_mean_15m dispenser_failed_pick_count_rolling_std_15m dispenser_failed_pick_count_rolling_max_15m software_cpu_usage_percent_rolling_mean_15m software_cpu_usage_percent_rolling_std_15m software_cpu_usage_percent_rolling_max_15m monitoring_failed_transaction_count_rolling_mean_15m monitoring_failed_transaction_count_rolling_std_15m monitoring_failed_transaction_count_rolling_max_15m temperature_cabinet_temp_c_rolling_mean_30m temperature_cabinet_temp_c_rolling_std_30m temperature_cabinet_temp_c_rolling_max_30m power_input_voltage_v_rolling_mean_30m power_input_voltage_v_rolling_std_30m power_input_voltage_v_rolling_max_30m network_latency_ms_rolling_mean_30m network_latency_ms_rolling_std_30m network_latency_ms_rolling_max_30m dispenser_failed_pick_count_rolling_mean_30m dispenser_failed_pick_count_rolling_std_30m dispenser_failed_pick_count_rolling_max_30m software_cpu_usage_percent_rolling_mean_30m software_cpu_usage_percent_rolling_std_30m software_cpu_usage_percent_rolling_max_30m monitoring_failed_transaction_count_rolling_mean_30m monitoring_failed_transaction_count_rolling_std_30m monitoring_failed_transaction_count_rolling_max_30m temperature_cabinet_temp_c_rolling_mean_60m temperature_cabinet_temp_c_rolling_std_60m temperature_cabinet_temp_c_rolling_max_60m power_input_voltage_v_rolling_mean_60m power_input_voltage_v_rolling_std_60m power_input_voltage_v_rolling_max_60m network_latency_ms_rolling_mean_60m network_latency_ms_rolling_std_60m network_latency_ms_rolling_max_60m dispenser_failed_pick_count_rolling_mean_60m dispenser_failed_pick_count_rolling_std_60m dispenser_failed_pick_count_rolling_max_60m software_cpu_usage_percent_rolling_mean_60m software_cpu_usage_percent_rolling_std_60m software_cpu_usage_percent_rolling_max_60m monitoring_failed_transaction_count_rolling_mean_60m monitoring_failed_transaction_count_rolling_std_60m monitoring_failed_transaction_count_rolling_max_60m temperature_cabinet_temp_c_rolling_mean_120m temperature_cabinet_temp_c_rolling_std_120m temperature_cabinet_temp_c_rolling_max_120m power_input_voltage_v_rolling_mean_120m power_input_voltage_v_rolling_std_120m power_input_voltage_v_rolling_max_120m network_latency_ms_rolling_mean_120m network_latency_ms_rolling_std_120m network_latency_ms_rolling_max_120m dispenser_failed_pick_count_rolling_mean_120m dispenser_failed_pick_count_rolling_std_120m dispenser_failed_pick_count_rolling_max_120m software_cpu_usage_percent_rolling_mean_120m software_cpu_usage_percent_rolling_std_120m software_cpu_usage_percent_rolling_max_120m monitoring_failed_transaction_count_rolling_mean_120m monitoring_failed_transaction_count_rolling_std_120m monitoring_failed_transaction_count_rolling_max_120m temperature_cabinet_temp_c_rolling_mean_180m temperature_cabinet_temp_c_rolling_std_180m temperature_cabinet_temp_c_rolling_max_180m power_input_voltage_v_rolling_mean_180m power_input_voltage_v_rolling_std_180m power_input_voltage_v_rolling_max_180m network_latency_ms_rolling_mean_180m network_latency_ms_rolling_std_180m network_latency_ms_rolling_max_180m dispenser_failed_pick_count_rolling_mean_180m dispenser_failed_pick_count_rolling_std_180m dispenser_failed_pick_count_rolling_max_180m software_cpu_usage_percent_rolling_mean_180m software_cpu_usage_percent_rolling_std_180m software_cpu_usage_percent_rolling_max_180m monitoring_failed_transaction_count_rolling_mean_180m monitoring_failed_transaction_count_rolling_std_180m monitoring_failed_transaction_count_rolling_max_180m
feature_infos=[-100:-30] [0:185.59999999999999] [0:6.9000000000000004] [0:64.799999999999997] [0:3] [0:3] [191.09999999999999:255.80000000000001] [0:35.799999999999997] [85:100] [51.200000000000003:100] [0:5] [24.600000000000001:67.700000000000003] [0:2] [15.199999999999999:65.299999999999997] [26.600000000000001:95.299999999999997] [21.199999999999999:78.799999999999997] [925:2959] -1:0:1 [0:30] [0:7] [0:7.6399999999999997] [0:3] [0:5] [576:1126] [0:5] none [0:12.550000000000001] [0:4] [0:3] -1:0:1 [12.9:100] -1:0:1 [0:3] [15.800000000000001:64.400000000000006] [0:4] [20:94.799999999999997] [40:100] [50:80] [0:3] [0:4] [0:2259.4000000000001] [0:26] [0:6] [0:7] [0:8] [0:5] [0:129.80000000000001] [2.2981826180989984e-05:9.9999937338908076] -1:0:1 [19.300000000000001:59.766666666666659] [0:23.61736649163069] [19.300000000000001:67] [200.40000000000001:237.44999999999999] [0:23.970919882223971] [200.40000000000001:256.80000000000001] [0:84.650000000000063] [0:93.116700972489355] [0:185.59999999999999] [0:5.333333333333333] [0:3.4641016151377544] [0:7] [20.100000000000001:88.966666666666654] [0:29.27422074112307] [20.100000000000001:94.799999999999997] [0:4.333333333333333] [0:2.8867513459481291] [0:6] [19.699999999999999:58.133333333333333] [0:16.499606055903289] [19.699999999999999:67] [200.40000000000001:230.97999999999999] [0:16.916648604259549] [200.40000000000001:259.19999999999999] [0:69] [0:69.510903221485123] [0:185.59999999999999] [0:5] [0:2.857738033247041] [0:7] [20.100000000000001:84.650000000000006] [0:23.969682239584955] [20.100000000000001:94.799999999999997] [0:3] [0:2.6583202716502514] [0:6] [19.699999999999999:55.141666666666659] [0:14.990663761154806] [19.699999999999999:67] [200.40000000000001:230.90000000000001] [0:14.990663761154799] [200.40000000000001:260.60000000000002] [0:69] [0:51.265241636024697] [0:185.59999999999999] [0:4.083333333333333] [0:2.4664414311581235] [0:7] [20.100000000000001:75.625] [0:25.462110888712488] [20.100000000000001:94.799999999999997] [0:2.3636363636363642] [0:2.0652243256245835] [0:6] [19.699999999999999:51.525000000000006] [0:14.990663761154806] [19.699999999999999:67] [200.40000000000001:230.90000000000001] [0:14.990663761154799] [200.40000000000001:260.60000000000002] [0:69] [0:51.265241636024697] [0:185.59999999999999] [0:2.458333333333333] [0:2.4402274781109115] [0:7] [20.100000000000001:61.929166666666667] [0:23.658778666089479] [20.100000000000001:94.799999999999997] [0:1.3478260869565215] [0:1.6645572949412979] [0:6] [19.699999999999999:49.988888888888894] [0:14.990663761154806] [19.699999999999999:67] [200.40000000000001:230.90000000000001] [0:14.990663761154799] [200.40000000000001:260.60000000000002] [0:69] [0:51.265241636024697] [0:185.59999999999999] [0:1.6388888888888888] [0:2.2168188275738081] [0:7] [20.100000000000001:53.899999999999999] [0:22.731368439034] [20.100000000000001:94.799999999999997] [0:0.88571428571428568] [0:1.4447819759338063] [0:6]
tree_sizes=3364 3374 3355 3357 3412 3381 3388 3446 3508 3496 3499 3504 3514 3501 3512 3505 3496 3503 3504 3520 3497 3527 3512 3504 3513 3485 3501 3520 3494 3529 3515

Tree=0
num_leaves=31
num_cat=0
split_feature=9 63 90 42 92 103 125 89 135 97 127 63 88 88 99 67 71 121 123 107 105 125 99 127 14 61 88 63 26 40
split_gain=2.40887e+07 682262 93670 88824.8 82167 115311 152172 78807.2 96814.5 80289.4 70054 63982.1 67550.8 70391.3 69064.8 62285.9 61141.8 59571.5 194514 133920 63381.7 53825.4 50742.2 49700.9 49161.2 46260.5 44193 43541 42095.4 41352.4
threshold=99.800000000000011 50.050000000000004 221.25000000000003 1.0000000180025095e-35 11.128537912079002 45.817786561264832 5.1810955484567875 3.958755160936688 49.150000000000013 34.843560606060613 22.747853535353538 41.850000000000001 222.90954545454548 219.14772727272731 48.250000000000007 45.618333333333347 3.6391619907993329 30.320294117647062 44.250000000000007 5.6767961468379786 44.650000000000013 5.1942867729214433 48.95000000000001 26.025357142857146 79.850000000000009 30.100000000000005 219.59583333333339 41.45000000000001 1.2850000000000004 102.65000000000002
decision_type=2 2 2 2 2 2 2 2 2 2 2 2 2 2 2 2 2 2 2 2 2 2 2 2 2 2 2 2 2 2
left_child=-1 2 10 4 5 7 15 8 9 -4 -2 12 13 14 -9 -7 26 18 -6 -20 -21 -16 -17 -13 29 -23 -11 -27 -3 -19
right_child=1 28 3 -5 17 6 -8 11 -10 16 -12 23 -14 -15 21 22 -18 24 19 20 -22 25 -24 -25 -26 27 -28 -29 -30 -31
leaf_value=4.4788741814013795 -5.3312121259063519 -5.3312121259063519 -4.3261126926520763 4.0557039908727441 -4.963536657991245 -5.3312121259063519 -5.3312121259063519 -4.4288276120238903 -4.4041054303387153 -5.3312121259063519 3.4371023465123125 -5.0281462312145866 0.3160559397128635 -4.679906207025029 -5.3312121259063519 2.3802950185896226 -5.3312121259063519 -4.3236452436935728 -5.3312121259063519 3.6413685015891497 -5.3312121259063519 2.042551836680583 -5.3312121259063519 1.6743615910251384 0.10625176756642585 -5.3312121259063519 2.8696407777041566 2.7810042992880417 4.3646891340054603 -4.9093995148672533
leaf_weight=1424.5823872052133 3.4447483308613283 1.1734303524717713 9.7780392086133343 3.1409362386912099 53.459654094651341 3.6411594199016717 15.697778577916322 21.782070759683847 31.801846693269908 1.8079892555251778 6.7250564731657505 194.5696003222838 10.441758619621394 90.537193493917584 5.0210732249543097 22.940033211372796 3.1979754241183391 516.96696025040001 7.5341279283165958 16.429891368374232 2.2360647059977046 14.66102236043662 2.3518968867138019 2.8057378493249407 5.4223265806213012 5.2124481322243801 17.975999171845615 2.4229880347847939 24.326737008057535 722.27558802440763
leaf_count=4786 684 233 1746 37 10224 723 3117 3934 5728 359 162 37461 900 16804 997 1035 635 92286 1496 329 444 760 467 166 490 1035 636 90 137 137355
internal_value=-0.39055 -4.20249 -4.3179 -4.34518 -4.35999 -3.78164 -1.36754 -4.04314 -2.43894 -0.531261 0.467071 -4.34122 -3.56312 -3.85319 -2.32877 0.782972 1.08332 -4.55942 -3.23386 0.295431 2.56651 -0.654262 1.6632 -4.93287 -4.64426 0.398968 2.12019 -2.75693 3.91852 -4.66504
internal_weight=3244.36 1819.78 1794.28 1784.11 1780.97 456.647 44.6309 412.016 64.5618 32.76 10.1698 347.454 150.079 139.637 49.0996 28.9331 22.982 1324.32 79.6597 26.2001 18.666 27.3175 25.2919 197.375 1244.66 22.2965 19.784 7.63544 25.5002 1239.24
internal_count=325256 320470 320100 319254 319217 76593 5342 71251 9104 3376 846 62147 24520 23620 6816 2225 1630 242624 12493 2269 773 2882 1502 37627 230131 1885 995 1125 370 229641
is_linear=0
shrinkage=1


Tree=1
num_leaves=31
num_cat=0
split_feature=9 92 123 16 69 127 117 51 80 51 123 105 90 117 122 116 73 127 89 89 106 93 97 104 98 90 70 63 86 125
split_gain=19141.8 22084.5 17928.8 44050.6 37344.4 29287 22746.6 42809.2 18518.6 15792.1 25816 35602.4 26612.1 24779.2 39374.3 45805.4 36763.7 29965 25622.3 30749.3 23848.3 30241.7 22232.2 19566.4 17263.9 17209.8 16202.6 15439 15071.1 14565.7
threshold=99.800000000000011 11.087270888608616 40.750000000000007 2289.5000000000005 40.550000000000004 18.911269841269846 43.95000000000001 32.050000000000004 11.838257191418112 45.45000000000001 56.250000000000007 56.150000000000013 230.45000000000002 49.350000000000001 5.7377686528653991 8.8743840365948135 19.636666666666681 24.475735294117651 4.4685559663140806 6.1169628778075014 221.77871376811598 41.45000000000001 29.643560606060607 6.7867954798389682 8.5816002957702491 230.65000000000001 217.35500000000005 49.650000000000013 3.6613259989036058 5.3995792752005585
decision_type=2 2 2 2 2 2 2 2 2 2 2 2 2 2 2 2 2 2 2 2 2 2 2 2 2 2 2 2 2 2
left_child=-1 -2 3 4 8 28 7 -4 -3 -8 11 13 -13 20 -15 16 22 -17 -18 23 -11 -22 -16 26 -19 -14 -20 -10 -5 -28
right_child=1 2 6 5 -6 -7 9 -9 27 10 -12 12 25 14 15 17 18 24 19 -21 21 -23 -24 -25 -26 -27 29 -29 -30 -31
leaf_value=-0.0030357793220469756 0.027103041454945877 -0.060494018273434771 4.6029555465098833 6.7127366922830749 3.766510467960491 -0.059122980605157874 0.09405948993864921 -0.068975120874088011 -0.093905805043354482 0.098019394951694483 0.10015988130375338 -0.074296578833877455 6.5891368107058286 -0.05116378279673698 5.9591255385556376 -0.050221157229770642 -0.052005151818631946 3.3839802301270496 4.8294489417462776 -0.05611977606271721 3.0954061413206517 -0.054210415152998043 -0.054231737053639775 -0.053528258436794207 -0.11688917513983299 2.640908661610434 1.4679897621696296 4.4678292024866186 3.1444738001558434 3.4418545795658435
leaf_weight=3137.8788117654622 2010.3353137625381 85.746128165628761 8.4477331424132007 4.3594957320019629 7.7242733016610137 5.4131946796551338 1499.6541569228284 11.686180528253315 3.2394640240818253 341.14103164942935 623.81474806694314 5.5214375257492092 4.4406432425603253 87.159186433069408 1.6353896274231399 73.308321654330939 9.2804234321229142 11.4416715297848 14.097558710258452 8.7072062534280104 15.606152507010849 14.895764612592755 25.56127353804186 4.5555088380351654 5.0872277235612264 7.2926317993551493 12.925577148795126 4.3393997047096491 9.2125212079845351 33.750547822099179
leaf_count=4786 75650 9820 60 23 260 654 140503 1192 386 29673 37415 519 18 8241 22 6637 957 116 203 927 300 1479 2650 467 524 184 789 44 191 566
internal_value=0.0935771 0.154817 0.242144 0.840613 0.425435 3.05041 0.216671 1.89126 0.148903 0.204629 0.332157 0.546116 2.78816 0.487425 0.835969 1.2219 1.90354 0.383384 2.42457 2.73501 0.217785 1.55728 0.307363 3.10701 2.30649 4.13518 3.34392 2.51799 4.29064 2.89525
internal_weight=8088.26 4950.38 2940.04 120.034 101.049 18.9852 2820.01 20.1339 93.325 2799.88 1300.22 676.408 17.2547 659.153 287.51 200.351 110.513 89.8372 83.3168 74.0364 371.643 30.5019 27.1967 65.3292 16.5289 11.7333 60.7737 7.57886 13.572 46.6761
internal_count=325256 320470 244820 11378 10510 868 233442 1252 10250 232190 91687 54272 721 53551 22099 13858 6581 7277 3909 2952 31452 1779 2672 2025 640 202 1558 430 214 1355
is_linear=0
shrinkage=0.05


Tree=2
num_leaves=31
num_cat=0
split_feature=9 110 49 57 97 97 105 1 116 116 51 37 69 69 69 126 105 128 109 135 123 121 35 80 125 117 11 54 90 123
split_gain=5176.01 5466.12 25104.6 5311.59 19499 5460.09 4667.2 8974.85 24395.4 37392.2 16279.9 11665.1 10831.9 9150.1 22303 18268.5 7515.67 19314.6 16353.5 26253.6 15459.6 40839 13750 26775.3 18807.4 12011.2 11073.4 8469.37 7155.42 6195.65
threshold=99.800000000000011 24.991178107635161 27.533333333333342 5.8500000000000005 31.468333333333337 31.256439393939392 54.250000000000007 2.3500000000000001 8.8918573319176932 8.972686558898074 57.050000000000004 60.350000000000001 60.350000000000001 43.45000000000001 42.750000000000007 229.85000000000005 55.750000000000007 21.531438662124035 14.441666666666668 47.150000000000013 59.650000000000013 42.346294642857153 21.350000000000005 8.2928081291361178 4.8996987988366918 47.350000000000001 53.550000000000004 236.85000000000005 228.15000000000001 57.45000000000001
decision_type=2 2 2 2 2 2 2 2 2 2 2 2 2 2 2 2 2 2 2 2 2 2 2 2 2 2 2 2 2 2
left_child=-1 3 -3 4 5 -2 -5 8 12 11 -11 -10 -8 14 -9 28 17 18 19 -15 22 -22 23 24 -20 -19 -21 -24 -16 -12
right_child=1 2 -4 6 -6 -7 7 13 9 10 29 -13 -14 16 15 -17 -18 25 20 26 21 -23 27 -25 -26 -27 -28 -29 -30 -31
leaf_value=-0.002875222347090734 -0.050549869400159368 4.0562706740194683 -0.1070296028465527 0.041598716737598955 -0.10440174226315291 4.0148896705011712 0.045163431972129874 -0.097126476181342458 5.5796582678662965 -0.10079380830444021 3.3622728175589192 2.5141952744803184 2.9914857162518045 5.6551596157831909 -0.050536554962811064 -0.095908765388761044 -0.0023643561914835375 4.3711662884093307 5.2832482575738373 -0.23209937465550859 7.4593001740444738 -0.085951433367003449 0.087081564135505996 -0.10891270550524518 -0.10910740926518006 -0.063329380771297877 3.3508856546350914 2.3876048432546493 3.8183617438513835 -0.16598810485002108
leaf_weight=3147.2042452543974 0.99604250956326978 4.7860780376940992 14.873408850282429 4877.4601229754626 14.469367200974373 4.8347635511308908 119.80072171194479 26.341360928490758 5.2368298135697824 23.203073872253302 5.7590991454198948 7.6176601466722786 3.2028937693685284 3.4228207282721987 1.3543933336623037 5.7089714002795509 1129.7977408962324 4.445223747752606 5.5194094707258072 8.603394700214265 2.6174107282422465 5.6962268357165158 931.15374822576996 11.232233968097715 2.2870335425250232 2.3260263507254422 2.8776746089570215 4.0179806905798605 10.160619928967206 1.5871425038203595
leaf_count=4786 101 53 1207 234944 1245 23 3322 2169 86 1996 19 145 29 11 142 474 50461 9 54 594 3 515 21494 796 147 170 26 69 53 113
internal_value=0.0506597 0.0739267 0.906521 0.0716602 0.879306 3.32041 0.0693835 0.127697 0.481502 1.50064 0.54867 3.76304 0.121883 0.100409 0.81768 2.21673 0.0856276 0.186637 0.168201 1.81178 0.142751 2.28955 0.124047 1.45428 3.70346 2.84785 0.665959 0.0969658 3.3633 2.6
internal_weight=10388.6 7241.39 19.6595 7221.73 20.3002 5.83081 7201.43 2323.97 166.407 43.4038 30.5493 12.8545 123.004 2157.56 43.5653 17.224 2114 984.199 977.428 14.9039 962.524 8.31364 954.21 19.0387 7.80644 6.77125 11.4811 935.172 11.515 7.34624
internal_count=325256 320470 1260 319210 1369 124 317841 82897 5710 2359 2128 231 3351 77187 2838 669 74349 23888 23709 631 23078 518 22560 997 201 179 620 21563 195 132
is_linear=0
shrinkage=0.05


Tree=3
num_leaves=31
num_cat=0
split_feature=93 9 133 35 44 74 129 7 62 51 93 37 37 93 107 125 54 37 13 127 33 40 98 3 93 110 125 0 8 2
split_gain=2850.84 2886.11 3883.38 12885.3 11423.4 9631.01 9277.75 17740.7 6451.08 16039.4 3952.29 7672.71 6198.25 5446.39 3475.4 8583.85 3827.54 3387.28 2980.95 17903.9 11365.4 10186.7 11926.4 9034.74 8233.88 6228.4 5615.99 6830.61 5498.3 2651.9
threshold=31.450000000000003 99.550000000000011 37.790032679738573 20.350000000000005 4.5000000000000009 5.4699939035843288 38.150000000000013 13.450000000000001 0.8485281374238568 56.650000000000013 63.750000000000007 78.950000000000017 51.150000000000013 64.050000000000011 4.7923465176106435 4.2526847673699653 217.25000000000003 79.050000000000011 24.750000000000004 26.333809523809524 45.850000000000001 845.40000000000009 10.699741571503951 23.150000000000002 32.350000000000001 19.930723740197436 6.7516950874972173 -46.349999999999987 99.450000000000017 0.7350000000000001
decision_type=2 2 2 2 2 2 2 2 2 2 2 2 2 2 2 2 2 2 2 2 2 2 2 2 2 2 2 2 2 2
left_child=-1 29 14 5 6 -4 7 -5 9 -8 -10 12 13 -12 -3 16 -16 -13 19 21 -21 23 -23 24 25 -17 -26 -28 -25 -2
right_child=1 2 3 4 -6 -7 8 -9 10 -11 11 17 -14 -15 15 18 -18 -19 -20 20 -22 22 -24 28 26 -27 27 -29 -30 -31
leaf_value=-0.057292399691145995 -0.093701916551021364 -0.027385008351134322 6.1260464000821022 -0.26351495280696857 3.2821583415885756 -0.098485543659527358 -0.1649991912121474 7.1757300547076426 -0.090197344633859922 5.995063604289232 3.3365864024754774 3.2413751253119396 0.16306868456975132 -0.093455821720180285 3.3272135550890365 -0.11041711292595408 -0.050592005134962453 -0.11410837038384239 0.053440730580498086 -0.11975828482162586 4.1217988997100328 -0.11849138633545764 5.9375975829549814 -0.10091685606942183 0.023331275970887459 3.8677887802143589 -0.098880705579208084 3.2891137034532614 3.9497759800455094 0.022241533326738394
leaf_weight=811.20335246651666 618.62062885053456 1292.8748634511721 1.5911882575601333 1.9510629568248978 2.9369237241335204 1.0196728957816956 3.0193935958668581 1.3600597381591797 154.05812898743898 1.6256622560322282 2.9013589462265363 2.9852728671394284 317.83820344414562 1.9252739739604292 2.9094084827229372 1.6189675563946355 1.1783378794789312 1.0054139443673191 5639.5199971492111 2.3758502197451881 4.7108757658861578 1.6108227483928197 1.6412606677040456 1.2712302654981606 267.58791390573606 2.5081136226654053 3.0089245960116386 2.9426010861061505 2.4567211112007499 2432.1246988810599
leaf_count=27519 2058 71563 3 139 36 100 234 1 10603 6 2 10 2247 91 2 143 116 76 198697 115 23 118 2 77 8541 1 245 6 2 2480
internal_value=0.0330991 0.0399054 0.0561714 0.19177 0.173164 3.69505 0.154479 2.79219 0.136485 1.99088 0.118566 0.217023 0.190074 1.96839 0.0469001 0.0630813 2.35352 2.39599 0.0615028 0.217351 2.6998 0.155546 2.93789 0.123391 0.0905629 2.30722 0.0571186 1.57624 2.56849 -0.00126912
internal_weight=11584.4 10773.2 7722.43 494.218 491.607 2.61086 488.67 3.31112 485.359 4.64506 480.714 326.656 322.665 4.82663 7228.22 5935.34 4.08775 3.99069 5931.25 291.733 7.08673 284.647 3.25208 281.394 277.667 4.12708 273.539 5.95153 3.72795 3050.75
internal_count=325256 297737 293199 13548 13445 103 13409 140 13269 240 13029 2426 2340 93 279651 208088 118 86 207970 9273 138 9135 120 9015 8936 144 8792 251 79 4538
is_linear=0
shrinkage=0.05


Tree=4
num_leaves=31
num_cat=0
split_feature=92 91 87 40 99 88 63 105 98 54 49 123 105 6 104 67 40 2 116 98 98 2 2 123 110 20 108 20 45 63
split_gain=2080.53 5247.72 20392.3 1961.73 1943.42 16372.8 10757.9 1777.39 1624.46 1647.29 1382.67 2581.47 23999 4405.14 1776.48 2271.52 16697.9 1347.33 1261.15 6409.35 11367.5 2795.7 11320.4 1751.56 13736.9 4393.33 1341.99 1216.22 7085.64 4180.21
threshold=10.959470790064607 11.41666666666667 35.650000000000013 1.0000000180025095e-35 40.050000000000004 224.1348484848485 39.95000000000001 55.550000000000004 9.1097329734890113 221.65000000000001 37.416666666666679 44.150000000000013 44.050000000000004 208.35000000000005 5.7168817684195963 50.855000000000011 658.85000000000002 0.075000000000000025 8.4310502723950211 9.9797028861031443 10.000405294817087 2.1250000000000004 2.1350000000000002 56.45000000000001 8.6849683872155907 2.7850000000000006 227.65000000000001 2.2450000000000006 2.5000000000000004 43.45000000000001
decision_type=2 2 2 2 2 2 2 2 2 2 2 2 2 2 2 2 2 2 2 2 2 2 2 2 2 2 2 2 2 2
left_child=7 2 -2 -3 5 6 -5 18 9 -6 -11 12 -12 -14 17 -16 -17 -13 19 21 -21 26 -23 -20 25 -25 -1 28 -10 -29
right_child=1 3 -4 4 8 -7 -8 -9 27 10 11 14 13 -15 15 16 -18 -19 23 20 -22 22 -24 24 -26 -27 -28 29 -30 -31
leaf_value=-0.22078234148105588 6.6373202378638076 0.6012857777765368 -0.083079428586903467 -0.085747127997441164 -0.006861645722729709 4.7285788931071169 2.8569715721460462 -0.10108817497450209 -0.012714489363502404 0.025918794587238919 -0.017345954040394043 0.13515355661562237 5.6600987124983773 2.5992786186630776 0.092648194595825739 -0.045918221559133894 5.055172540941534 -0.038767729174762032 -0.06011677759795251 4.6203020600805838 -0.24593278288728948 3.6911038196380419 -0.059563104008581259 -0.13524711046180538 0.056067526766219566 4.8184982470497015 0.036295035751342193 1.2262291723100587 -4.1028610887028512 0.042187534629225421
leaf_weight=52.961828186787898 1.469550956506281 15.319907028693704 4.8681495166383684 38.294263140764087 1070.7681808145717 2.0512624075636259 3.3798954579979172 465.39199486296275 2305.834217641881 1729.9204268069007 33.054318549111485 144.91978915734217 1.7210096120834339 3.7085802522487938 2410.6668560137041 9.7763740420341474 1.9192008501850057 480.78003498035832 957.77450034115463 2.1041060290299347 2.7932718880474567 2.6265359902754417 8.5957282213494164 0.57509996183216516 187.31039449293166 2.0184547901153564 1223.6448810703587 7.5092639690265051 1.0593525739386667 1017.5571333076805
leaf_count=3706 6 59 400 2284 39568 15 31 13329 87721 58180 1045 3496 1 62 35729 241 12 21854 33517 13 206 7 331 87 1702 1 19899 378 88 1288
internal_value=0.0253816 0.0369374 1.47521 0.0359549 0.0350199 0.367571 0.152916 -0.0115414 0.0334427 0.0492323 0.0617028 0.0817587 0.488707 3.56946 0.0766207 0.0960207 0.791152 0.00151458 0.00553536 0.0394025 1.84479 0.032537 0.818269 -0.032612 0.106107 3.72004 0.0256298 0.00554401 -0.0145927 0.0508614
internal_weight=12190.4 9284.58 6.3377 9278.24 9262.92 43.7254 41.6742 2905.8 9219.19 5887.23 4816.47 3086.55 38.4839 5.42959 3048.06 2422.36 11.6956 625.7 2440.4 1292.73 4.89738 1287.83 11.2223 1147.68 189.904 2.59355 1276.61 3331.96 2306.89 1025.07
internal_count=325256 252458 406 252052 251993 2330 2315 72798 249663 160188 120620 62440 1108 63 61332 35982 253 25350 59469 24162 219 23943 338 35307 1790 88 23605 89475 87809 1666
is_linear=0
shrinkage=0.05


Tree=5
num_leaves=31
num_cat=0
split_feature=98 134 51 51 111 54 93 127 89 16 16 23 85 55 115 110 128 89 98 53 37 56 88 106 23 23 74 68 87 14
split_gain=2464.42 6336.07 14251.8 4671.05 33195.4 3168.42 34069.1 2919.64 7239.14 6495.41 4975.09 13940.1 4091.78 18182.8 9671.2 3635.97 22553.2 2811.31 2509.41 12593.1 11129.7 9966.58 13984.9 5616.97 20301.4 22530.7 5249.86 10500.4 5166.24 8609.81
threshold=8.6192033661269747 7.0944337143416254 56.650000000000013 27.350000000000005 92.350000000000009 212.75000000000003 23.150000000000002 18.385912698412703 2.4984358422789024 1614.5000000000002 2496.5000000000005 922.50000000000011 29.482575757575763 33.933333333333387 31.961684782608703 17.226670814076439 14.992616569073482 3.8081451775641715 8.3707779950506609 12.070349345952375 76.250000000000014 0.56568542494923812 217.60416666666669 218.03779761904767 767.50000000000011 765.50000000000011 4.2110370840854854 8.5848315843602112 35.350000000000001 58.350000000000001
decision_type=2 2 2 2 2 2 2 2 2 2 2 2 2 2 2 2 2 2 2 2 2 2 2 2 2 2 2 2 2 2
left_child=3 2 -2 4 -1 6 -5 8 9 -3 12 -12 13 14 -10 -14 -17 -7 -19 21 -21 22 -20 24 25 -23 27 -25 29 -28
right_child=1 7 -4 5 -6 17 -8 -9 10 -11 11 -13 15 -15 -16 16 -18 18 19 20 -22 23 -24 26 -26 -27 28 -29 -30 -31
leaf_value=-0.11409789327030882 -0.04697533054144562 3.6562773214694566 5.307547708501672 9.6243910906485031 4.953827010606993 -0.081736491717740181 -0.019925419179572874 -0.012240451494541012 2.7019832538066875 -0.18640910433362742 -0.14470369782335227 4.9585898912491082 0.036117120340471688 5.6803416440845105 -0.14323460926968398 3.4630006287058297 -0.098012634800320478 0.047311681294128299 6.3575021992082048 -0.040815747097834247 3.3083150548668416 -0.074656661289866463 -0.086195964228283212 -0.10685446688461293 -0.093095524418679049 6.3782207198105594 -0.21274116663778947 4.2085914238315416 0.069738956630217799 3.674120444701928
leaf_weight=18.292105717526287 3.8534095087088636 2.6511950492858878 1.8342403173446653 1.0158412642776955 3.9243583949282757 362.36586829833686 9.2898119539022428 4140.3650115313358 3.5698893456719878 1.8791859271004794 4.2083867406472555 1.9620099067687986 1588.9933482287452 1.7065973831340659 18.282007328001782 5.5546573223546174 22.283758097793907 4740.3879740585398 1.5337195592001074 4.3060079738497716 5.8516160356812179 2.4260532897897091 1.8670979044400153 3.6225655453745267 13.275494499830527 3.0575507213361561 3.0971225230023256 2.3074774467386305 868.24253741011489 2.6385040283203125
leaf_count=1076 135 1 1 8 30 15958 214 125046 53 144 254 1 35136 34 1552 40 1261 122838 7 147 30 184 117 248 600 8 288 16 20057 4
internal_value=0.0351104 0.0118162 1.67983 0.0574402 0.78111 0.0547719 0.930727 0.0101781 0.066396 2.06234 0.0609043 1.478 0.0555738 0.709775 0.321581 0.0460416 0.612524 0.0532711 0.0619259 0.137869 1.88856 0.118155 2.81982 0.107931 0.964051 3.52334 0.0896795 1.57236 0.0796194 1.57529
internal_weight=11844.6 5797.14 5.68765 6047.5 22.2165 6025.29 10.3057 5791.46 1651.09 4.53038 1646.56 6.1704 1640.39 23.5585 21.8519 1616.83 27.8384 6014.98 5652.61 912.226 10.1576 902.068 3.40082 898.667 18.7591 5.4836 879.908 5.93004 873.978 5.73563
internal_count=325488 163658 136 161830 1106 160724 222 163522 38476 145 38331 255 38076 1639 1605 36437 1301 160502 144544 21706 177 21529 124 21405 792 192 20613 264 20349 292
is_linear=0
shrinkage=0.05


Tree=6
num_leaves=31
num_cat=0
split_feature=126 98 89 9 36 93 2 81 69 105 116 16 126 61 90 1 98 54 79 109 81 86 110 2 71 91 18 115 72 40
split_gain=1918.02 1734.67 2094.39 1704.67 27716.9 2020.53 4282.52 12652.2 1938.46 10542.2 7637.73 6833.73 3559.65 2088.6 13710 9168.69 8860 8364.23 2009.13 16609.6 1708.12 2517.04 19777.8 1458.15 2312.96 15694.9 19349 2709.71 1225.49 1220.73
threshold=221.35000000000005 8.6192033661269747 3.8081451775641715 99.800000000000011 75.050000000000011 39.45000000000001 1.0000000180025095e-35 34.750000000000007 57.250000000000007 57.45000000000001 9.0461070558338985 2360.5000000000005 227.75000000000003 43.600000000000051 223.55000000000004 1.0000000180025095e-35 8.5290923706115311 223.45000000000002 26.591666666666665 16.680059523809529 49.250000000000007 7.4725193511929966 10.136408405347046 1.1950000000000001 2.3955514326907492 14.558333333333335 3.5000000000000004 31.961684782608703 223.85000000000005 4.9500000000000011
decision_type=2 2 2 2 2 2 2 2 2 2 2 2 2 2 2 2 2 2 2 2 2 2 2 2 2 2 2 2 2 2
left_child=-1 2 -2 -4 5 6 7 -5 13 10 -10 -11 -13 18 17 16 -16 -15 19 -7 28 -22 -23 -3 25 26 -25 -27 -20 -17
right_child=1 23 3 4 -6 8 -8 -9 9 11 -12 12 -14 14 15 29 -18 -19 20 -21 21 22 -24 24 -26 27 -28 -29 -30 -31
leaf_value=-1.0970816830171752 -0.073075605658911316 -0.009273552940399549 -0.014273732586053925 4.3561173689234645 7.2907643271726998 4.8882318485494265 0.00091870287120312871 -0.13166569125847014 -0.1088308798791541 0.025148415297464633 2.7369558014756197 2.8341846251593488 -0.099126880149436214 -0.23330947597543281 -0.051487178601155495 0.33502896540972071 4.946130205270431 6.0810888231264801 -0.066071107937496376 -0.077493950213378723 0.11550787981012132 5.924363370057371 -0.078225241323902933 -0.30119951115689803 0.031881331725503684 0.99056082822796521 9.4183504783326075 0.08934872911618448 0.053240189062109367 0.032497092171523988
leaf_weight=3.8073258928488931 363.96823914162815 4350.1872034126136 872.38971641566604 2.2302268142811945 1.3254261235706497 1.9899787991307665 1368.9355561921257 5.3092801878228784 3.542353031341916 90.948488009162247 7.0505416914820671 3.4064726764336219 1.4851945089176295 0.77949584089219492 1.6150411623530083 49.963301351293921 1.9669034434482453 1.602853536605835 235.56649539154023 10.950849543791263 811.25960216252133 1.6448964020237316 8.2798466612584871 1.0105886994861057 1656.9859932544641 9.4215062167495471 1.0379447937011719 72.716034866811242 2491.9193224937189 100.24353050254285
leaf_count=224 15978 147913 1542 7 6 35 39633 402 200 2455 24 5 82 67 130 114 3 1 16043 745 6559 3 504 66 15114 18 1 506 73785 3323
internal_value=0.0249889 0.0253299 0.0434256 0.0504062 0.0612531 0.0594106 0.00746379 1.19584 0.0781082 0.288501 1.7853 0.123065 1.94358 0.0720851 0.251054 0.192746 2.69278 4.01504 0.0642375 0.686112 0.0619698 0.12519 0.916625 0.00620325 0.0448709 0.300537 4.62347 0.192721 0.0429356 0.133128
internal_weight=12533.5 12529.7 6438.37 6074.41 5202.02 5200.69 1376.48 7.53951 3824.22 106.433 10.5929 95.8402 4.89167 3717.78 156.171 153.789 3.58194 2.38235 3561.61 12.9408 3548.67 821.184 9.92474 6091.36 1741.17 84.1861 2.04853 82.1375 2727.49 150.207
internal_count=325488 325264 161646 145668 144126 144120 40042 409 104078 2766 224 2542 87 101312 3638 3570 133 68 97674 780 96894 7066 507 163618 15705 591 67 524 89828 3437
is_linear=0
shrinkage=0.05


Tree=7
num_leaves=31
num_cat=0
split_feature=92 116 123 103 9 2 35 122 104 135 93 67 110 126 97 92 89 35 124 135 130 23 98 117 89 52 99 9 54 126
split_gain=1732.85 1473.2 1932.82 1339.48 1422.82 1890.49 1551.33 1326.84 1305.3 1206.68 1198.84 2671.03 7601.88 1919.7 1458.86 2101.01 2406.87 16893 1381.42 1132.33 1092.85 2210.08 3082.11 2442.86 1397.27 1309.39 1276.17 12708.9 1213.55 1075.1
threshold=11.168474299608077 8.4310502723950211 58.45000000000001 29.788194444444446 99.800000000000011 0.7350000000000001 24.750000000000004 4.8755869332092514 7.0715584142250085 49.050000000000004 41.45000000000001 28.191666666666674 21.369385439189198 233.25000000000003 35.382575757575765 14.024426742419665 3.377499074759418 25.350000000000005 222.01408730158732 49.150000000000013 0.11596638655462181 866.50000000000011 7.7386231255170896 56.750000000000007 3.0519442385918496 212.81666666666669 57.95000000000001 81.950000000000017 216.85000000000005 234.45000000000002
decision_type=2 2 2 2 2 2 2 2 2 2 2 2 2 2 2 2 2 2 2 2 2 2 2 2 2 2 2 2 2 2
left_child=1 2 7 -2 5 20 -6 -1 10 -3 11 12 -8 14 15 16 17 -12 -18 -16 24 22 -22 -24 -5 -26 -25 -28 -27 -13
right_child=3 9 -4 4 6 -7 8 -9 -10 -11 13 29 -14 -15 19 -17 18 -19 -20 -21 21 -23 23 26 25 28 27 -29 -30 -31
leaf_value=-0.24823674832708351 -0.12034646466668525 -0.15276882526644056 -0.32267955850204294 -3.8351412393324731 -0.029480599977584027 0.022925272095051189 -0.072035720047024507 0.032770295752988503 -0.065179033304165454 -0.028670095226018901 5.081486187322473 0.063493900338427611 2.8272845326832732 -0.043387682873200217 0.002665385104987694 -0.048336813898300184 0.042204476570884795 -0.085726444973824686 0.30958801991483331 0.090355498302892231 -4.2935290579812646 -0.015531656502704997 -4.1850276129993773 -0.0052156386990098551 -4.005714270349249 -3.9435119363116975 -0.19688818918811499 -4.008551637116347 -0.050742283021646156 0.16239362779720773
leaf_weight=43.005186523079828 145.62812872719769 228.43188190227374 40.556117704836652 0.24447952955961127 645.1596317025851 1950.7804395127459 6.690814371686427 1810.3531896339264 228.81327146043532 1374.784200635273 1.9150440683588374 962.92983653916872 3.4146485682576895 549.39285380207002 437.06823434284888 676.46298352465965 519.960101143457 9.0879626846872252 53.252873051445931 2334.2498638562975 0.55247085541486995 37.224426998756826 0.44857426127419131 9.8479545395821351 0.2095481613650908 0.20029259752482076 16.324072351679217 2.5251377495005647 467.14012817566982 384.51534543791786
leaf_count=2533 8717 11433 2303 19 36940 2020 567 27271 16189 35874 19 23658 8 34177 17603 45021 16239 806 161 39111 48 65 38 15 17 16 93 205 1140 3182
internal_value=0.0189866 -0.0110802 0.0187779 0.0301204 0.0324769 9.51633e-05 0.0442905 0.0262498 0.0520071 -0.0463521 0.056522 0.0977903 0.907648 0.0442935 0.0562407 0.0116487 0.0811058 0.813613 0.0670451 0.0765258 -0.0831947 -0.27218 -0.59387 -0.523741 -0.0561585 -0.0541825 -0.46651 -0.707518 -0.0524106 0.0917165
internal_weight=12941.2 3497.13 1893.91 9444.04 9298.41 2485.5 6812.91 1853.36 6167.75 1603.22 5938.94 1357.55 10.1055 4581.39 4032 1260.68 584.216 11.003 573.213 2771.32 534.717 66.9226 29.6982 29.1457 467.794 467.55 28.6972 18.8492 467.34 1347.45
internal_count=325488 79414 32107 246074 237357 3676 233681 29804 196741 47307 180552 27415 575 153137 118960 62246 17225 825 16400 56714 1656 464 399 351 1192 1173 313 298 1156 26840
is_linear=0
shrinkage=0.05


Tree=8
num_leaves=31
num_cat=0
split_feature=92 105 116 103 108 125 86 35 99 2 54 82 40 89 6 135 125 123 45 129 35 92 92 19 82 67 125 123 121 105
split_gain=1508.48 1585.93 1272.54 1209.73 1148.57 1138.99 1074.69 992.358 1142.91 1138.11 1119.7 1319.13 1095.25 971.563 946.387 930.359 963.49 882.765 1073.97 823.528 803.154 745.433 666.647 660.71 1612.87 747.703 658.542 2007.89 1839.05 1136.34
threshold=11.168474299608077 55.550000000000004 8.4310502723950211 29.788194444444446 227.45000000000002 4.6832697594290389 5.8558407775152004 24.750000000000004 49.850000000000001 0.7350000000000001 218.85000000000005 1.0000000180025095e-35 111.05000000000001 4.4685559663140806 218.85000000000005 48.750000000000007 4.6930643693166969 56.45000000000001 1.0000000180025095e-35 41.550000000000004 47.45000000000001 9.0499953959379802 21.091366178413903 1.0000000180025095e-35 1.0000000180025095e-35 45.618333333333347 5.6654010573779088 44.250000000000007 30.320294117647062 44.650000000000013
decision_type=2 2 2 2 2 2 2 2 2 2 2 2 2 2 2 2 2 2 2 2 2 2 2 2 2 2 2 2 2 2
left_child=1 2 4 26 -1 -5 23 -7 10 -10 11 -9 13 -12 -14 19 -17 18 -4 -15 22 -8 -18 24 25 -3 -2 -28 29 -29
right_child=3 6 17 5 -6 7 21 8 9 -11 12 -13 14 15 -16 16 20 -19 -20 -21 -22 -23 -24 -25 -26 -27 27 28 -30 -31
leaf_value=-0.18709592206253903 -0.054960433623939264 -0.11620555611312007 -0.084938437206081949 -0.02690885238571742 0.040003743123227568 -0.029739032106215642 -0.22966030700342932 -0.061376967568912005 -0.059141547949725863 0.027824396029775711 -0.0026359029741373631 -3.2918633552336005 -0.039609465822057981 0.14154843044503121 0.043359387247601341 0.43167616065636311 0.096683475749704317 0.060367233400671197 0.022210831237150171 -0.029580313918604537 -0.058141984912341488 -0.020770464835157525 -0.067719931972465924 0.0010844419878112462 -3.5260377364977198 -0.37782335430346214 -0.096316588428532898 -1.9511962838782708 -0.050711925799581725 -0.052831727213143102
leaf_weight=57.647580522723729 107.38280670679524 51.551376262446865 752.35734058450907 805.72978143318687 1627.7158087084536 550.63565171009486 49.000338905723765 195.34390437183902 480.64749618456699 1731.2984311035834 393.60065161451348 0.31651624917867494 433.01189174805768 90.911355721764266 1666.3494839321356 20.548860006034374 2683.3016988395248 209.7334136608988 339.33477250207216 310.12973404442891 90.919298298274043 332.60725539480336 63.111852336674929 29.315342255868018 0.37810526532120903 58.080653919110773 27.195277476217598 4.0607626228593272 3.2050490975379944 0.97818895429372776
leaf_count=3598 5962 3576 36443 35586 22667 31443 2860 12479 9492 4175 11963 27 30506 243 51915 143 31144 1910 333 11269 4042 5321 2930 45 32 2629 2057 222 315 161
internal_value=0.0175996 -0.010484 0.00355665 0.0277986 0.0322358 0.0299665 -0.0909868 0.0352277 0.039612 0.00892702 0.051024 -0.0666029 0.0550252 0.0715665 0.0262463 0.0805284 0.090536 -0.0335833 -0.0516328 0.00921258 0.0880654 -0.047593 0.0929055 -0.209841 -0.266048 -0.254805 -0.11664 -0.303531 -0.987089 -1.58268
internal_weight=13166.4 3507.72 2986.79 9658.68 1685.36 9515.86 520.933 8710.13 8159.49 2211.95 5947.55 195.66 5751.88 3652.52 2099.36 3258.92 2857.88 1301.43 1091.69 401.041 2837.33 381.608 2746.41 139.325 110.01 109.632 142.822 35.4393 8.244 5.03895
internal_count=325488 79414 64951 246074 26265 237357 14463 201771 170328 13667 156661 12506 144155 61734 82421 49771 38259 38686 36776 11512 38116 8181 34074 6282 6237 6205 8717 2755 698 383
is_linear=0
shrinkage=0.05


Tree=9
num_leaves=31
num_cat=0
split_feature=92 123 89 85 123 86 20 104 103 123 126 88 16 105 2 68 116 124 89 116 124 61 44 89 126 135 133 92 134 20
split_gain=1359.84 1047.17 966.726 947.296 1045.03 1424.09 1161.85 1122.13 1124.37 1119.66 948.31 938.992 856.878 809.725 804.298 793.586 705.622 693.96 764.471 663.927 652.031 651.081 641.206 619.381 612.301 609.057 632.264 1379.29 604.676 587.11
threshold=8.748063566385456 55.45000000000001 3.9968169153147999 29.00416666666667 43.050000000000004 5.6751651958334639 2.3050000000000002 7.0715584142250085 39.593452380952392 55.750000000000007 228.95000000000002 220.22613636363639 1755.5000000000002 40.95000000000001 0.23500000000000001 6.5454564393936296 7.6876998351222499 219.93162337662341 5.6362167625040938 8.7871464942105515 221.06030303030306 43.466666666666718 4.5000000000000009 5.8776199831688176 229.75000000000003 49.150000000000013 34.905634920634931 11.128537912079002 6.8681524666687332 2.4250000000000003
decision_type=2 2 2 2 2 2 2 2 2 2 2 2 2 2 2 2 2 2 2 2 2 2 2 2 2 2 2 2 2 2
left_child=1 22 12 -4 11 6 14 8 13 15 23 -5 -2 -7 17 28 -15 18 24 -12 -13 -18 -1 -11 -6 26 -14 -28 -10 -9
right_child=2 -3 3 4 5 7 -8 29 9 10 19 20 25 16 -16 -17 21 -19 -20 -21 -22 -23 -24 -25 -26 -27 27 -29 -30 -31
leaf_value=-0.03938579863507273 0.047704333337918681 -0.1934708070900826 -0.12299424073133454 0.0054684763035421323 -0.079511476644883186 0.11461915722787466 0.051597737266511616 -0.074590414090580093 0.34686134790836515 0.027874423576084467 -0.081031936715507055 0.092277285956195651 -0.058438000932233752 0.056495740990694689 -0.044658016802167431 0.030917828606910776 -0.04847336924128548 -0.0383960749598245 -0.0664715040945206 0.016153563766900133 -0.052792966674782109 0.023551794987250494 0.16468005314753922 0.13030219102447546 0.088888907630400624 -0.020456261134460803 -0.49515668937571927 -0.078730557709217025 0.093712881544606122 0.04066638777372461
leaf_weight=541.34915686043678 305.24396269250428 109.38801159625291 107.3660487983434 550.14365911306413 60.934939995757304 164.22251545457402 678.08699346752837 343.2036264143062 23.949746937491 344.3544377440121 237.00207864842378 1238.9055371109862 178.64986642531585 399.60662988643162 1567.684104923741 622.09472167608328 778.54340002650861 427.13613465300296 127.82129092887044 679.79699959091522 82.62081553041935 525.58743305318058 41.441110505256802 258.30082306382246 472.80471460521221 551.39654757077369 30.32848928659223 57.744369443797041 1566.6854201294482 162.95127995079383
leaf_count=17262 4482 5577 7165 17061 4607 1127 1395 18229 94 3900 12471 10332 7619 7046 64861 9616 41434 20506 7517 10270 3432 2696 67 832 5787 22760 1057 4319 11717 250
internal_value=0.0167055 -0.051519 0.0204704 0.024824 0.0262269 0.0194604 -0.00681868 0.0338106 0.0402545 0.0561044 0.0230558 0.0603576 -0.0237871 0.00858639 -0.0217305 0.0787984 -0.00163407 0.0112844 0.0433605 -0.0089699 0.0832076 -0.019446 -0.0248751 0.0717754 0.0696633 -0.0504609 -0.11249 -0.22213 0.0975245 -0.0374847
internal_weight=13235.3 692.178 12543.2 11419.8 11312.4 9440.77 3334.47 6106.3 5600.14 3732.18 1519.45 1871.67 1123.36 1867.96 2656.38 2212.73 1703.74 1088.7 661.561 916.799 1321.53 1304.13 582.79 602.655 533.74 818.119 266.723 88.0729 1590.64 506.155
internal_count=325488 22906 302582 262345 255180 224355 104673 119682 101203 48900 27473 30825 40237 52303 103278 21427 51176 38417 17911 22741 13764 44130 17329 4732 10394 35755 12995 5376 11811 18479
is_linear=0
shrinkage=0.05


Tree=10
num_leaves=31
num_cat=0
split_feature=91 135 107 93 116 67 33 63 97 35 50 93 123 33 91 126 20 115 0 133 33 61 107 107 126 72 92 20 115 107
split_gain=1585.71 1539.02 1084.57 1106.12 961.203 1517.08 39181.5 1419.64 1370.16 1119.78 17204.1 919.924 825.797 1092.92 8183.63 989.159 817.434 741.708 882.326 724.283 723.651 714.207 693.943 665.806 932.342 751.674 886.479 641.788 997.363 828.832
threshold=14.641666666666671 47.550000000000004 4.6705406770886935 37.650000000000013 8.6408053899252746 26.181666666666668 30.450000000000003 45.150000000000013 37.916666666666671 49.850000000000001 11.780916772475736 34.250000000000007 56.250000000000007 51.050000000000004 14.808712121212126 228.75000000000003 4.3350000000000009 32.602083333333347 -75.049999999999983 34.032843137254915 33.250000000000007 31.000000000000025 3.3077060555846218 7.1094076778862192 234.75000000000003 226.95000000000002 11.625018735713008 0.26500000000000007 35.402083333333344 5.7808466858927501
decision_type=2 2 2 2 2 2 2 2 2 2 2 2 2 2 2 2 2 2 2 2 2 2 2 2 2 2 2 2 2 2
left_child=22 -2 3 -3 8 6 -6 11 9 12 -11 -7 13 19 -15 -14 20 -13 -19 21 -5 -4 -1 24 25 -21 -27 29 -29 -9
right_child=1 2 4 16 5 7 -8 27 -10 10 -12 17 15 14 -16 -17 -18 18 -20 23 -22 -23 -24 -25 -26 26 -28 28 -30 -31
leaf_value=0.12030423426468584 -0.099751292342446035 -0.12937070507877674 0.048201454130971114 0.076208598338800615 10.435271082187436 -0.17504667486230005 -0.020690951528272314 0.081270047372197604 -0.033681884945219898 -0.039450952712371881 4.8023943573997574 0.058840787642541872 0.064150899721325746 2.5037461945366761 -0.059388970446235173 -0.074139111083576723 0.25146573016723556 0.026664153586673296 -0.066520182468093991 0.08396349401606984 -0.01950318468193777 -0.062836330848987154 -0.061209043508668605 0.16480535757599968 -0.084582264910029459 0.067006022148471775 -0.034507879958388873 -0.063666156106464478 0.029765272299939756 -0.053212814525562771
leaf_weight=56.729082077685234 243.25771557411463 177.07686958758859 444.09210916911343 239.81597566563869 0.93728459463455038 95.767024009604938 20.325838572927751 949.51706223975589 464.81602451388517 19.501807583728809 2.0251531433314076 274.03514300356619 258.49552997667342 3.8469370298553285 16.349154416937381 258.73557664826512 32.412056968547404 396.32593023654681 707.52319038022051 2341.827995264357 1118.8681629631901 214.89486442354973 733.3620796748437 172.75628660107031 102.15504354890436 606.88916920195334 333.09558241371997 317.40638820081949 2853.3039618130811 130.29176493860723
leaf_count=202 15123 9461 6817 4287 11 5257 446 14001 14991 297 2 4413 1905 10 954 15842 9 8501 41768 22526 43859 12500 29870 1187 6101 5257 16741 16251 18531 8161
internal_value=0.0205676 0.0248121 0.0272259 -0.0116719 0.0327789 0.0186547 0.440211 0.0170888 0.0482669 0.0562447 0.416047 -0.0252001 0.0546151 0.0618977 0.428835 -0.0050262 0.00331039 -0.0147853 -0.0330633 0.0601398 -0.00260948 0.0119922 -0.0481763 0.0690606 0.0641727 0.0688031 0.0310333 0.0317503 0.0204122 0.0650431
internal_weight=13586.4 12796.3 12553.1 1568.17 10984.9 5745.43 21.2631 5724.17 5239.48 4774.67 21.527 1473.65 4753.14 4235.91 20.1961 517.231 1391.1 1377.88 1103.85 4215.71 1358.68 658.987 790.091 3556.72 3383.97 3281.81 939.985 4250.52 3170.71 1079.81
internal_count=325281 295209 280086 57616 222470 117340 457 116883 105130 90139 299 59939 89840 72093 964 17747 48155 54682 50269 71129 48146 19317 30072 51812 50625 44524 21998 56944 34782 22162
is_linear=0
shrinkage=0.05


Tree=11
num_leaves=31
num_cat=0
split_feature=93 40 9 20 61 86 93 104 85 52 103 97 111 110 125 30 103 20 98 2 80 124 6 92 123 61 79 77 89 85
split_gain=1456.23 1069 1269.27 1267.13 1086.27 963.334 973.927 882.723 805.547 703.199 783.176 637.601 569.064 609.217 563.589 953.418 703.158 683.975 672.072 631.408 548.187 540.749 551.976 515.301 454.321 413.607 412.203 410.567 402.242 408.029
threshold=29.550000000000004 104.15000000000002 99.800000000000011 1.5450000000000002 27.16666666666671 4.5195970589433108 32.350000000000001 7.0960025232774466 47.526136363636368 215.28333333333339 30.026376811594208 31.400000000000009 51.250000000000007 13.588248532636037 5.1214206603027632 72.550000000000011 32.078713768115954 1.8150000000000002 10.000405294817087 0.36500000000000005 5.272823405602205 221.01126984126986 217.65000000000001 20.581758619384157 57.95000000000001 38.733333333333341 30.650000000000009 0.51639777949432175 8.3391078471576261 46.617424242424256
decision_type=2 2 2 2 2 2 2 2 2 2 2 2 2 2 2 2 2 2 2 2 2 2 2 2 2 2 2 2 2 2
left_child=12 2 3 -2 -4 -3 -7 8 9 -6 -11 -12 25 -14 15 16 -13 19 23 -17 -8 22 -22 26 -24 27 -16 -1 29 -28
right_child=1 5 4 -5 7 6 20 -9 -10 10 11 14 13 -15 18 17 -18 -19 -20 -21 21 -23 24 -25 -26 -27 28 -29 -30 -31
leaf_value=-0.17595950436963567 -0.04444395691899844 -0.067980318322523423 -0.075377580870364502 0.027512345091630315 -0.054658652632181941 -0.13600139053912083 -0.078490160912062845 -0.075809649767302256 -0.13004891857846057 -0.10830621787012817 -0.05819498018216928 0.053492366751702693 0.025598614517223318 -0.15275688621818029 -0.074023116340466641 -0.049470943084920303 -0.077435064582284385 0.17685937853374972 -0.022600415402861999 0.072071893739549794 -0.011733377357328757 -0.041710556993418302 0.038632642173982601 -0.057686040205128346 -0.049678215236509393 -0.041474767862046409 0.075246820274860321 -1.9580509573410478 0.19840127659592632 0.13893400332322869
leaf_weight=134.63227215944789 886.72332283874857 439.76112214413297 177.6599943486508 1973.4585411013104 140.4414018312109 111.67206541786436 155.52354688185733 135.24749385114592 59.047744212090038 69.160055348824244 109.47451901156455 169.71743917930871 201.71094476105645 62.77978307614103 42.202428608899936 134.38491639401764 259.11538880570879 120.31579138024244 172.55372126633301 521.58377397304866 876.27401388329599 355.37447085464373 2636.8644185156736 68.071635836269706 154.1520619627554 89.191346556763165 2987.4157716365298 0.32397256372496386 74.121970130130649 274.61188983463217
leaf_count=8585 2092 29623 8065 1922 6816 6927 11316 8583 2546 5067 5742 3680 2502 4366 2428 6442 16190 363 7315 6000 39266 18089 66726 3706 7924 2870 38386 17 411 1316
internal_value=0.0183417 0.0215017 0.0322331 0.00520421 0.0462504 0.00249846 0.00972337 0.0502988 0.0535774 0.0556856 0.0587833 0.0611256 -0.0664088 -0.016736 0.0638334 0.0342177 -0.0256184 0.0672722 0.0736954 0.047172 0.0136182 0.0171793 0.0228859 0.0785166 0.0337551 -0.125022 0.081261 -0.180238 0.0832254 0.0806083
internal_weight=13593.6 13104.9 8375.31 2860.18 5515.13 4729.62 4289.86 5337.47 5202.22 5143.17 5002.73 4933.57 488.638 264.491 4824.09 1205.12 428.833 776.284 3618.98 655.969 4178.19 4022.66 3667.29 3446.42 2791.02 224.148 3378.35 134.956 3336.15 3262.03
internal_count=325281 306941 127070 4014 123056 179871 150248 114991 106408 103862 97046 91979 18340 6868 86237 32675 19870 12805 53562 12442 143321 132005 113916 46247 74650 11472 42541 8602 40113 39702
is_linear=0
shrinkage=0.05


Tree=12
num_leaves=31
num_cat=0
split_feature=93 61 135 40 9 20 104 86 93 54 79 135 103 85 111 110 125 133 98 103 124 97 123 88 134 106 92 86 54 95
split_gain=1317.31 1000.59 935.271 825.557 1311.56 1097.35 782.548 767.744 766.547 753.017 741.265 698.008 661.526 599.164 502.838 559.525 477.013 795.507 584.833 532.333 471.935 462.923 451.396 517.988 538.794 461.278 437.583 426.514 492.256 446.354
threshold=29.550000000000004 25.633333333333351 47.550000000000004 104.15000000000002 99.800000000000011 1.5450000000000002 7.0960025232774466 4.5195970589433108 32.350000000000001 220.25000000000003 30.650000000000009 47.650000000000013 30.026376811594208 47.526136363636368 51.250000000000007 13.588248532636037 5.1214206603027632 38.180555555555571 10.000405294817087 42.448913043478271 221.01126984126986 36.177500000000002 43.050000000000004 221.47750000000002 9.0888041757164419 219.82980072463772 20.581758619384157 5.2759136792975259 220.25000000000003 0.2886751345948127
decision_type=2 2 2 2 2 2 2 2 2 2 2 2 2 2 2 2 2 2 2 2 2 2 2 2 2 2 2 2 2 2
left_child=14 -2 -3 4 5 -4 9 -5 -9 11 -11 -6 -12 16 -1 -16 17 19 26 21 22 -14 25 24 27 -10 -18 29 -29 -24
right_child=1 2 3 7 6 -7 -8 8 20 10 12 -13 13 -15 15 -17 18 -19 -20 -21 -22 -23 23 -25 -26 -27 -28 28 -30 -31
leaf_value=-0.11830811201987775 -0.1008612585404388 -0.071336746504486376 -0.039675331479202824 -0.059794841753817385 0.18315979915739428 0.027129597646387549 -0.07533240436157429 -0.12397229272444188 -0.031286110715230346 -0.042156538733213539 -0.12214832906075042 -0.039585691105494598 0.0541901860954489 -0.12757984233635303 0.024762731851294857 -0.14760341972007004 0.079091434198593116 0.14830600652629591 -0.021688746137427068 -0.060184443856093187 -0.038710036892293451 -0.052266732221245053 -0.033753818101353535 -0.063506230447650247 -0.02826293116130766 0.080150885371397917 -0.061298303588238234 -0.059867931154169808 0.042547670702689923 -1.7810318425477119
leaf_weight=224.76762994934688 167.95132566516986 263.11059413509793 903.43393521106918 396.21677882228687 39.188187867985107 1923.4227060296107 125.88691337801356 99.513218288338976 113.05601270752959 184.53957193414681 49.314333384099882 343.08006592963648 601.41187597857788 41.325182119617239 198.18528253783006 61.75237961509265 3334.6723503201138 132.3188617995911 157.89289322274271 178.96416155152838 352.6127860971028 123.00333621629397 220.30075090576429 202.16736971359933 489.95416662225034 519.92479388671927 56.444182327017188 124.77244072500616 1966.2525908804309 0.36611444398295034
leaf_count=11472 9856 14823 2035 27125 81 1910 8427 6358 6275 8400 4059 15278 12055 1904 2502 4366 37612 748 6466 7795 17948 6974 14484 12592 25312 6247 3245 8570 40323 39
internal_value=0.0174034 0.0203959 0.0219693 0.0239054 0.0333439 0.00577944 0.0478595 0.00666027 0.0130998 0.0508179 0.0561327 -0.016751 0.0600123 0.0619541 -0.0635419 -0.0161856 0.0636625 0.0338076 0.072375 0.0170369 0.0165189 0.0361141 0.0218738 0.0137875 0.019365 0.0602472 0.0767547 0.0294596 0.0364365 -0.0366528
internal_weight=13595.8 13111.1 12943.1 12680 8194.9 2826.86 5368.04 4485.14 4088.92 5242.16 4859.89 382.268 4675.35 4626.03 484.705 259.938 4584.71 1035.7 3549.01 903.379 3989.41 724.415 3636.79 3003.81 2801.65 632.981 3391.12 2311.69 2091.03 220.667
internal_count=325281 306941 297085 282262 116989 3945 113044 165273 138148 104617 89258 15359 80858 76799 18340 6868 74895 27572 47323 26824 131790 19029 113842 101320 88728 12522 40857 63416 48893 14523
is_linear=0
shrinkage=0.05


Tree=13
num_leaves=31
num_cat=0
split_feature=93 61 85 105 99 6 127 49 111 123 115 2 104 98 2 93 9 20 14 40 52 36 9 103 20 13 98 111 110 61
split_gain=1184.84 923.559 881.471 834.689 947.135 879.384 782.051 683.804 980.635 933.099 789.186 792.125 659.382 843.06 985.452 937.889 766.247 760.69 729.467 691.364 654.721 594.485 612.888 562.322 477.609 468.808 445.392 428.122 509.097 429.093
threshold=29.550000000000004 25.633333333333351 29.252272727272729 40.850000000000001 46.95000000000001 222.05000000000004 22.22319327731093 36.900000000000055 69.050000000000011 44.95000000000001 32.036931818181827 0.6150000000000001 5.2019784419146307 9.1097329734890113 0.54500000000000015 33.45000000000001 99.800000000000011 2.0750000000000006 43.850000000000001 99.950000000000017 217.04166666666671 50.350000000000001 98.65000000000002 30.026376811594208 0.42500000000000004 46.550000000000004 7.7386231255170896 51.250000000000007 13.588248532636037 38.733333333333341
decision_type=2 2 2 2 2 2 2 2 2 2 2 2 2 2 2 2 2 2 2 2 2 2 2 2 2 2 2 2 2 2
left_child=27 -2 -3 6 5 -5 23 8 10 -10 -6 -12 17 15 -15 -14 -17 18 -9 20 -18 22 -7 -4 26 -21 -23 29 -29 -1
right_child=1 2 3 4 7 21 -8 12 9 -11 11 -13 13 14 -16 16 19 -19 -20 25 -22 24 -24 -25 -26 -27 -28 28 -30 -31
leaf_value=-0.16815854898128035 -0.099061902312066422 -0.08875827187022628 -0.070719930495412905 -0.052656991750269368 0.076298317508585872 -1.7446965737902376 -0.070170053178361599 0.13127626292492334 0.071888330819110322 -0.039634517190672118 -0.078888784380190424 -0.0021764460324954884 -0.15606248153071769 -0.03831370013997526 0.033955441184981325 0.0044290325078233401 -0.082472177353235476 0.050012561019075988 -0.077548518668522914 0.047233416235631938 0.087165889690700327 0.068786538287636645 -0.074098914843719652 0.073582576825469231 -0.038076858359484558 -0.041954428509830444 -0.054515506222270582 0.023938017631722291 -0.14125856666554923 -0.030152433449749161
leaf_weight=132.57209712738404 162.59217200032435 180.86409555088903 70.988706399919465 846.55737427079112 177.06921703391617 0.5512870829552402 112.79496239230502 46.894383235136047 690.47798236907693 257.50896229868522 600.38589620118728 765.66917641166947 53.477120265117719 654.08859681139438 1691.683123915398 629.11068531638011 58.568813936942206 286.8840467534028 386.45636853610631 944.8950143773618 1971.038571481989 567.12722305685747 132.68898709816858 1378.2394579810498 185.50477839773521 174.56092844845261 84.099556855857372 194.84911558474414 61.313455303956289 97.930807945551351
leaf_count=8602 9856 10458 3537 47018 1560 20 4891 145 4470 10081 41692 17671 3437 27124 14768 892 3212 509 22611 20505 15298 4761 8776 13245 7311 8254 4839 2502 4366 2870
internal_value=0.0165193 0.0193629 0.02085 0.0224027 0.0176294 -0.0154187 0.056644 0.0240236 0.00156998 0.0415945 -0.0230183 -0.0358918 0.0321328 0.0374114 0.0138041 0.051864 0.054807 -0.0131418 -0.0549509 0.0648714 0.0822706 0.0170815 -0.0810111 0.0665141 0.0327017 0.033326 0.0528633 -0.060088 -0.0156024 -0.109526
internal_weight=13597.4 13110.8 12948.2 12767.3 11205.3 1816.53 1562.02 9388.77 2491.11 947.987 1543.12 1366.06 6897.66 6177.42 2345.77 3831.65 3778.17 720.235 433.351 3149.06 2029.61 969.972 133.24 1449.23 836.732 1119.46 651.227 486.665 256.163 230.503
internal_count=325281 306941 297085 286627 264954 72725 21673 192229 75474 14551 60923 59363 116755 93490 41892 51598 48161 23265 22756 47269 18510 25707 8796 16782 16911 28759 9600 18340 6868 11472
is_linear=0
shrinkage=0.05


Tree=14
num_leaves=31
num_cat=0
split_feature=135 40 93 9 2 61 86 104 54 55 103 68 3 30 89 124 93 98 127 92 111 20 9 68 6 122 63 62 0 42
split_gain=1093.28 876.047 959.593 889.903 1101.16 868.751 752.604 701.423 658.216 938.181 641.227 515.202 561.934 510.944 463.59 590.511 541.574 471.486 1183.84 416.871 406.516 404.835 403.888 400.809 486.789 379.984 376.767 360.186 354.977 352.933
threshold=47.550000000000004 111.05000000000001 31.450000000000003 99.800000000000011 0.67500000000000016 27.16666666666671 4.5195970589433108 7.0960025232774466 220.65000000000001 34.900000000000055 30.026376811594208 6.2692503537831454 3.5500000000000003 90.65000000000002 4.4685559663140806 220.65571895424839 31.450000000000003 9.2760035804349723 18.325357142857147 7.0053577978261456 39.050000000000004 2.3050000000000002 97.550000000000011 4.6046353456778606 217.65000000000001 5.4271334770486357 39.550000000000004 7.4042780426813568 -54.249999999999993 1.0000000180025095e-35
decision_type=2 2 2 2 2 2 2 2 2 2 2 2 2 2 2 2 2 2 2 2 2 2 2 2 2 2 2 2 2 2
left_child=29 3 22 4 -2 -5 19 8 9 -7 -10 13 -13 23 15 26 -16 20 25 -4 -18 -6 -3 27 -25 -19 -12 -8 -24 -1
right_child=1 2 6 5 21 7 11 -9 10 -11 14 12 -14 -15 16 -17 17 18 -20 -21 -22 -23 28 24 -26 -27 -28 -29 -30 -31
leaf_value=-0.077583739681266514 -0.050806478400917045 -1.4119196056044863 0.075030311136221134 -0.067479883926452877 -0.00044321946039461838 -0.061125981430874471 -0.068820686527407804 -0.076508857219788784 -0.12318665568780307 0.088830069983616755 0.072240965161757251 -0.064343077774556209 0.0086751515411467254 -0.070010384988600224 -0.059736432556923659 -0.09957519744803478 -0.099949259917862243 0.1102734196138116 -0.067252671988765833 -0.087088254378977867 0.069409300116897152 0.042209526796668242 -0.13114107323358801 -0.018820942544394245 0.052236993166216689 -0.028598921020627461 0.0028975677173601142 0.017615547195386324 -0.0054501012721139041 -1.5570133400118689
leaf_weight=293.36960670657572 689.56493355793646 0.57984311878681083 45.763187937205657 188.38150191132445 1081.3400488175103 319.12688428306319 163.6331367798266 122.89739319608452 53.215649746940471 154.94605439039879 342.55413430451881 391.87122887172154 804.26938312756829 135.8493637577194 94.970668075169669 94.500887554022484 35.795260394690558 244.06779605417978 233.57248867792077 296.98678867594572 3497.8525351647731 1145.8024624981917 175.1411339757833 284.99126104868628 1562.173522298559 61.712533651618287 457.50357293697743 457.4917995056021 82.697502968745539 0.40368392411619325
leaf_count=16736 1689 17 42 8339 1624 18069 11916 9038 4711 1198 3552 26516 25786 10903 5534 5855 2213 1054 14991 26170 40245 837 12515 14629 29735 2799 12237 14177 2141 13
internal_value=0.0157851 0.0179052 -0.000313277 0.0269991 0.0044057 0.0381662 0.00551739 0.04165 0.0442478 -0.0121143 0.0494708 0.0119173 -0.0152466 0.0243943 0.0512857 0.0186261 0.0582954 0.0610475 0.0175041 -0.0654426 0.0676937 0.0215004 -0.093792 0.0295902 0.0412738 0.0822462 0.0325878 -0.00515577 -0.0908278 -0.0796167
internal_weight=13513 13219.3 4401.45 8817.8 2916.71 5901.1 4143.03 5712.72 5589.82 474.073 5115.75 3800.28 1196.14 2604.14 5062.53 894.559 4167.97 4073 539.353 342.75 3533.65 2227.14 258.418 2468.29 1847.16 305.78 800.058 621.125 257.839 293.773
internal_count=325281 308532 174547 133985 4150 129835 159874 121496 112458 19267 93191 133662 52302 81360 88480 21644 66836 61302 18844 26212 42458 2461 14673 70457 44364 3853 15789 26093 14656 16749
is_linear=0
shrinkage=0.05


Tree=15
num_leaves=31
num_cat=0
split_feature=107 98 16 20 71 123 93 74 86 51 116 93 124 40 71 9 124 75 127 93 86 59 106 8 49 93 109 98 93 98
split_gain=1120.29 907.911 817.54 729.13 993.161 908.094 664.054 721.334 693.148 591.819 587.418 544.947 1026.41 563.864 513.433 521.266 512.276 494.135 485.618 477.015 476.586 542.45 457.086 428.738 425.033 420.48 494.222 401.717 369.651 360.378
threshold=4.7923465176106435 8.9776654689686648 1971.5000000000002 2.3050000000000002 3.9407698063533956 42.150000000000013 39.250000000000007 12.380145394945893 4.5195970589433108 41.150000000000013 7.9424646404717558 42.250000000000007 220.82687165775403 111.05000000000001 4.2046997510481363 99.550000000000011 219.39270833333339 25.150000000000002 18.745773809523815 56.95000000000001 4.6731364783166276 0.57735026918962473 218.63405797101447 90.950000000000017 48.166666666666679 36.250000000000007 14.441666666666668 7.0473049867130291 44.650000000000013 7.2035423735277524
decision_type=2 2 2 2 2 2 2 2 2 2 2 2 2 2 2 2 2 2 2 2 2 2 2 2 2 2 2 2 2 2
left_child=2 6 9 4 20 18 7 29 16 -1 -9 27 13 14 -13 -16 -8 -11 -6 23 21 -3 -17 -15 -19 26 -4 -10 -24 -2
right_child=1 3 25 -5 5 -7 8 10 11 17 -12 12 -14 19 15 22 -18 24 -20 -21 -22 -23 28 -25 -26 -27 -28 -29 -30 -31
leaf_value=-0.057729330992959266 -0.089814481914010286 -0.10700236394811014 0.0019699071504878513 0.040461208167194458 0.071058438894416501 -0.046854608605030039 0.033941849536533154 0.082982981966367553 -0.09246883780309989 -0.14539024529843 -0.043687784688292049 -0.0086109922527433085 -0.054911686709890974 -0.058466256251617325 0.016445371938694716 -0.066265862302046605 -0.070778200873835323 0.038281283220275568 -0.048404124805684887 -0.060427478426724558 0.040067263333622004 -1.4204969037093098 -0.066853072161359967 0.046223485435915146 -0.096632609919664561 -0.035540479757886871 -0.17761235315582924 0.077129143922547744 0.083833630757524868 -0.0064824728035715977
leaf_weight=272.26575833946254 149.35064742070836 41.305879371590208 56.019422295910772 966.30693600641098 293.19155647559091 1582.8628824540617 238.1920392892207 397.63265041018121 35.83207175519783 41.340891504922183 118.88878839902463 276.15619703393895 285.37618172013481 117.50406496174401 465.82782987877727 54.911496575019555 229.12085921909602 1037.8259242765271 119.84036098694196 191.25383833897649 909.29164300704724 0.80128512531518836 41.693231128156185 583.1043095823261 61.857489381567575 781.08941940217528 121.20451102845254 1365.0497662131093 1706.3690578807727 988.08859883386322
leaf_count=15665 7940 3564 806 1653 2107 68539 4646 2308 2070 2606 4667 6570 14411 8628 582 2778 13293 17030 5148 14569 14313 27 2060 13231 1795 37298 7910 8531 15753 24736
internal_value=0.0155418 0.022175 -0.0156661 0.00277015 -0.00958733 -0.0296265 0.0326581 0.00482699 0.0408921 0.00850751 0.0538269 0.0462096 0.0362053 0.0437712 0.0557604 0.0635956 -0.0174018 0.0243126 0.0363966 0.00955989 0.032452 -0.131998 0.0757776 0.0286652 0.0306923 -0.0513166 -0.120847 0.0727911 0.0802396 -0.0174243
internal_weight=13529.6 11158 2371.6 3913.6 2947.29 1995.89 7244.35 1653.96 5590.39 1413.29 516.521 5123.08 3722.2 3436.82 2544.96 2268.8 467.313 1141.02 413.032 891.862 951.399 42.1072 1802.97 700.608 1099.68 958.313 177.224 1400.88 1748.06 1137.44
internal_count=325234 242124 83110 95351 93698 75794 146773 39651 107122 37096 6975 89183 78582 64171 27743 21173 17939 21431 7255 36428 17904 3591 20591 21859 18825 46014 8716 10601 17813 32676
is_linear=0
shrinkage=0.05


Tree=16
num_leaves=31
num_cat=0
split_feature=107 98 99 2 41 20 93 74 103 111 93 127 79 125 93 124 97 61 63 81 71 89 56 103 20 88 41 122 117 89
split_gain=1015.16 813.667 805.424 715.544 653.171 704.233 600.952 683.839 655.15 614.685 582.03 510.748 1014.48 601.212 502.818 948.119 473.211 704.729 559.539 473.888 689.455 566.498 468.719 455.798 433.168 427.293 422.972 408.426 394.343 374.362
threshold=4.7923465176106435 8.9776654689686648 47.050000000000004 0.115 7.5000000000000009 1.7350000000000001 39.250000000000007 9.5375922887627471 29.788194444444446 50.750000000000007 35.45000000000001 18.325357142857147 38.255000000000017 5.59204932567705 42.250000000000007 220.82687165775403 34.526136363636375 31.666666666666689 34.350000000000001 47.45000000000001 4.2046997510481363 5.2661727808122647 17.819745602374166 45.817786561264832 2.1650000000000005 219.6095454545455 6.5000000000000009 5.3069173143832815 48.650000000000013 5.4655047730509629
decision_type=2 2 2 2 2 2 2 2 2 2 2 2 2 2 2 2 2 2 2 2 2 2 2 2 2 2 2 2 2 2
left_child=2 6 23 -3 5 -4 7 9 -8 -2 -9 13 -13 26 27 16 17 18 -16 20 -18 -21 28 -1 -23 -20 -5 -10 -6 -22
right_child=1 3 4 11 22 -7 8 10 14 -11 -12 12 -14 -15 15 -17 19 -19 25 21 29 24 -24 -25 -26 -27 -28 -29 -30 -31
leaf_value=-0.056116018018599549 -0.12681475241404869 -0.071603823704860722 -0.051914550256280723 0.064696721831087128 -0.12945269862280148 0.032533939654449569 -0.12484317855975757 0.04523285010137703 -0.076163644229349514 -0.0061411036635105488 -0.036390662341503378 -0.048275484612422467 0.019218034412153293 -0.039596963040433114 -0.062376980486533264 -0.050565984010817161 -0.066985687531001342 -0.053708890529261449 -0.068131901321118848 0.051760272253655031 0.026350672227342189 -0.05623289473257969 0.082641750650824783 -0.20364560998818956 0.039619097213326841 0.08576999480774479 -0.07198029573998177 0.07133014697484924 0.018543315602536279 0.085994663713292507
leaf_weight=361.07564036459553 157.23946962694527 299.21385996956633 787.6445288146715 824.17786891965079 50.106886773079168 359.57413626419657 60.419591341138585 885.34664061677177 48.594406861811876 320.88026945196907 289.91946456405049 841.60680825679447 1644.8894311536278 205.64582392544253 104.54009189782664 321.90244831238942 92.503554001799785 312.92452360777679 51.397868320113048 772.21057065253262 333.17500660195947 288.4772852784954 301.51949941657949 61.233130507054739 199.29746008315124 368.07354658422992 60.780255311001383 1375.2525768390624 442.53616915585008 1250.609407726326
leaf_count=22547 11297 19217 42210 6434 2642 1710 3566 10540 2462 7350 10464 46696 12535 7685 6735 16701 5799 18154 3438 6955 6864 10845 3183 1877 282 3667 2784 9988 8941 11666
internal_value=0.0148261 0.021157 -0.0149284 0.002673 -0.00131563 -0.0254458 0.0310633 0.00458789 0.038909 -0.0458271 0.0250976 0.00888604 -0.00362656 0.0374138 0.0407017 0.0318026 0.0388297 0.00566364 0.0411192 0.0482832 0.065698 0.0251145 0.0335419 -0.0775072 -0.0170692 0.0669124 0.0553095 0.0662963 0.00349059 0.0734476
internal_weight=13472.8 11109.1 2363.69 3876.31 1941.38 1147.22 7232.76 1653.39 5579.38 478.12 1175.27 3577.1 2486.5 1090.6 5518.96 4095.11 3773.21 836.936 524.012 2936.27 1676.29 1259.99 794.163 422.309 487.775 419.471 884.958 1423.85 492.643 1583.78
internal_count=325234 242124 83110 95351 58686 43920 146773 39651 107122 18647 21004 76134 59231 16903 103556 91106 74405 31994 13840 42411 24329 18082 14766 24424 11127 7105 9218 12450 11583 18530
is_linear=0
shrinkage=0.05


Tree=17
num_leaves=31
num_cat=0
split_feature=107 135 115 98 26 109 41 41 20 99 86 97 9 62 50 72 98 62 63 124 61 61 88 99 128 33 115 107 49 135
split_gain=922.697 784.019 952.956 734.16 779.742 747.663 674.983 606.602 600.508 590.98 553.951 550.936 774.692 511.884 535.741 503.495 491.93 461.734 563.298 461.686 569.338 480.148 391.604 449.244 385.964 416.121 378.667 368.332 356.908 352.71
threshold=4.7923465176106435 49.050000000000004 33.255760869565229 8.9776654689686648 2.0150000000000001 18.940019762845854 5.5000000000000009 6.5000000000000009 1.5950000000000004 47.050000000000004 4.5195970589433108 35.304166666666681 96.350000000000009 4.4959240800232818 9.0336408292906984 224.35000000000005 9.4100832444067262 5.1739733281106135 35.95000000000001 220.98027777777779 38.733333333333341 42.666666666666707 219.62613636363639 48.95000000000001 11.32982878055002 46.050000000000004 34.056832298136655 6.7402167846215679 48.166666666666679 49.550000000000004
decision_type=2 2 2 2 2 2 2 2 2 2 2 2 2 2 2 2 2 2 2 2 2 2 2 2 2 2 2 2 2 2
left_child=1 2 -1 10 5 6 22 8 -3 -9 11 12 -2 -12 17 16 -7 26 -19 20 29 -22 -5 -24 -13 -26 -15 -21 -11 -20
right_child=3 7 -4 4 -6 15 -8 9 -10 28 13 24 -14 14 -16 -17 -18 18 19 27 21 -23 23 -25 25 -27 -28 -29 -30 -31
leaf_value=0.012235636262048689 -1.5426871676193117 -0.058365651166886738 -0.12108979513901119 -0.028550152509357052 0.028305210841781905 0.042089804608687997 -0.077751789910742899 -0.11819593499763591 0.025358022016755733 0.049868067934776439 0.0053766407990282795 0.06572649963644743 -0.078452881801125557 -0.061595460572548499 -0.02370600097682414 -0.07213016635276602 -0.072775333920383295 -0.076161501406729892 0.036231252065722828 -0.061191391016343001 -0.05776921999307455 0.033440986198796305 -0.075090998525891794 0.061536411158189558 -0.07442535682608728 0.039120137759606516 0.087812393077181666 0.069091067105871859 -0.10475190441411053 0.070102468039893534
leaf_weight=227.56783295815649 0.90772625990211864 568.53158555503614 326.05336738374899 218.936986188113 1664.973624638631 245.89571899792645 174.43596320104189 61.499868756684009 343.61548289033499 782.62265893747099 1235.9671328894165 215.87440305744531 186.6265224757226 44.889030115795322 300.10833227113471 692.79932330555152 150.11422745327582 104.74146732816007 1409.1766207338369 184.75063222943572 215.46120703208726 436.79452219387167 66.642392929614289 619.0480672273552 170.19916604753234 153.42968856694642 767.36512024068179 76.804159420891665 39.190957396349404 1690.7714309310541
leaf_count=6112 30 37767 20128 7224 13675 3613 10064 4110 2006 11374 29939 968 12998 2175 9787 41796 8078 5543 29042 9454 10759 2060 5335 5566 9313 1265 5045 613 1613 17782
internal_value=0.0141856 -0.0142665 -0.0662859 0.0202469 0.00257176 -0.0171921 0.0123036 0.00177348 -0.0268261 0.0313066 0.0296641 -0.011716 -0.0855402 0.0343163 0.0411542 -0.0464238 -0.00145176 0.0451019 0.038307 0.0412941 0.0457713 0.0033113 0.0296686 0.0482576 0.0139457 -0.0205944 0.0795554 -0.0229346 0.0424945 0.0547053
internal_weight=13375.8 2349.08 553.621 11026.7 3832.85 2167.87 1079.06 1795.46 912.147 883.313 7193.87 727.038 187.534 6466.83 5230.86 1088.81 396.01 4930.75 4118.5 4013.76 3752.2 652.256 904.627 685.69 539.503 323.629 812.254 261.555 821.814 3099.95
internal_count=325234 83110 26240 242124 95351 81676 28189 56870 39773 17097 146773 24574 13028 122199 92260 53487 11691 82473 75253 69710 59643 12819 18125 10901 11546 10578 7220 10067 12987 46824
is_linear=0
shrinkage=0.05


Tree=18
num_leaves=31
num_cat=0
split_feature=92 11 121 98 98 61 54 127 116 20 109 43 85 64 80 86 68 124 6 125 111 125 72 107 26 135 54 2 127 126
split_gain=972.595 839.455 830.11 803.746 605.08 642.295 581.723 540.81 516.056 688.281 791.487 1220.97 517.849 505.153 499.451 489.503 490.174 681.551 574.828 495.085 485.047 415.415 406.423 398.187 396.204 392.59 373.649 524.118 364.609 360.109
threshold=10.687551759114557 39.250000000000007 30.202857142857148 6.8325956734016122 8.9776654689686648 35.73333333333337 221.65000000000001 20.264297385620925 8.4663525592164888 1.3050000000000004 19.352277432712221 1.0000000180025095e-35 46.526136363636368 1.0000000180025095e-35 8.4428766819011489 4.5558212844181183 6.1885916545418862 220.30845238095239 221.15000000000001 5.1549325276934317 37.350000000000001 5.6654010573779088 222.65000000000001 4.0754512063925405 1.655 49.750000000000007 222.45000000000002 0.31500000000000006 21.667156862745106 232.25000000000003
decision_type=2 2 2 2 2 2 2 2 2 2 2 2 2 2 2 2 2 2 2 2 2 2 2 2 2 2 2 2 2 2
left_child=1 -1 21 -3 6 14 7 -4 20 10 12 13 23 -12 25 -8 24 18 -18 -20 -5 -2 -22 -10 -17 -6 29 -28 -26 -7
right_child=2 3 4 8 5 26 15 -9 9 -11 11 -13 -14 -15 -16 16 17 -19 19 -21 22 -23 -24 -25 28 -27 27 -29 -30 -31
leaf_value=-0.13477175901937147 -0.03171473584423147 -0.13368248063048646 0.0251082332348825 -0.13271557542230364 -0.072505073911563286 0.0063243709217263499 -0.011339304478918275 -0.049296859693872562 0.056030405277439334 0.021325117040244146 -0.13581625635249892 -2.6790550079603688 -0.23363422996004068 -1.1264201065399695 -0.066905866336181535 0.059003057986840135 -0.018915729148101013 -0.041660971318215036 -0.064462751664816673 0.069100924337022904 -0.16237023782248472 -0.18232190693353809 0.031737450390298669 -0.041405318193894654 -0.045027990375571265 0.049482121327405294 -0.069130043198177046 0.013528061538230253 0.040619990821540247 0.064927668501137806
leaf_weight=133.97118059878267 162.31743585894037 118.65795027304557 643.98728658694245 49.114597098901868 92.884610622189939 453.81973775287042 469.6730269356849 393.4124485532443 142.8069639657333 502.82908813617541 163.54396873583028 0.47620082431239907 28.662128631167434 1.2971613409463305 468.15293929355539 3108.5024198832402 338.71496137580834 361.29809496575035 75.87887782135067 810.2524698387133 27.573986015398987 63.775341721135192 1225.0315281499061 394.55624569777865 180.34647807345027 227.49531958065927 222.54721149071702 1387.0713197971345 399.5651361909695 620.6275482782512
leaf_count=8096 7683 5594 17650 3406 7510 9492 19077 19454 1020 2718 10537 27 1019 38 41604 44644 11619 16021 4374 7369 1681 3573 13941 16879 7311 3714 14136 17179 3430 4438
internal_value=0.0135873 -0.0126561 0.0205699 -0.00649307 0.0226594 0.0056862 0.0313507 -0.00310836 -0.000541701 -0.0237063 -0.0546673 -0.150915 -0.0265565 -0.143611 -0.033987 0.037574 0.0419295 0.018686 0.0364869 0.0576639 0.0214208 -0.0741974 0.0274645 -0.0155113 0.051925 0.0141156 0.0173415 0.00209968 0.0139844 0.0401751
internal_weight=13268.8 2788.52 10480.3 2654.55 10254.2 3472.6 6781.63 1037.4 2535.89 1234.17 731.343 165.317 566.025 164.841 788.533 5744.23 5274.56 1586.14 1224.85 886.131 1301.72 226.093 1252.61 537.363 3688.41 320.38 2684.07 1609.62 579.912 1074.45
internal_count=325234 64956 260278 56860 249022 98073 150949 37104 51266 32238 29520 10602 18918 10575 52828 113845 94768 39383 23362 11743 19028 11256 15622 17899 55385 11224 45245 31315 10741 13930
is_linear=0
shrinkage=0.05


Tree=19
num_leaves=31
num_cat=0
split_feature=92 11 121 98 98 61 122 92 116 20 109 123 85 39 107 129 107 105 105 109 6 122 68 103 125 125 0 20 136 68
split_gain=876.872 749.858 747.48 719.749 537.795 594.088 625.611 535.148 463.834 606.347 662.42 450.126 507.138 431.799 431.038 610.473 424.997 402.701 544.516 454.471 451.58 404.271 398.931 392.662 390.446 375.831 325.259 350.49 427.962 323.203
threshold=10.687551759114557 39.250000000000007 30.202857142857148 6.8325956734016122 8.9776654689686648 35.73333333333337 5.0502343184160479 22.361337033800329 8.4663525592164888 1.3050000000000004 19.352277432712221 55.650000000000013 47.695833333333347 1.0000000180025095e-35 4.7923465176106435 62.050000000000004 4.0226389158286695 40.850000000000001 42.650000000000013 21.158712121212123 221.15000000000001 5.4271334770486357 5.5704278710587216 44.765942028985513 4.9895622145067611 5.6654010573779088 -44.249999999999993 2.3450000000000002 0.21543560606060608 6.6137609068650356
decision_type=2 2 2 2 2 2 2 2 2 2 2 2 2 2 2 2 2 2 2 2 2 2 2 2 2 2 2 2 2 2
left_child=1 -1 25 -3 7 6 -6 14 11 10 16 -5 -13 -8 15 -4 -10 19 -19 -16 21 -20 -17 -18 -22 -2 27 28 -7 -23
right_child=2 3 4 8 5 26 13 -9 9 -11 -12 12 -14 -15 17 22 23 18 20 -21 24 29 -24 -25 -26 -27 -28 -29 -30 -31
leaf_value=-0.12681256649505454 -0.029812213067705297 -0.12592152171002163 -0.054344873224533789 0.031958873541701897 0.039442393204793043 0.004905106512782662 -0.060546382831323034 -0.061493870834619338 0.051545032280072192 0.020613768289086565 -0.13709655776493532 -0.16255339272684019 0.015942789230584883 -2.1085255981107887 0.079228337911186067 0.051114867489499533 -0.031379980915992728 -0.070618636711777608 -0.053400167113362262 -0.056203152774719746 -0.037838965986736237 0.034944025153337749 -0.042269581566521199 -0.17574953846997166 0.053523097077567854 -0.1727115009850273 0.078839957125552029 0.039696860489127295 -0.10812262584663029 -0.013608874667675304
leaf_weight=135.23110591049772 163.99807303700072 119.64860995174968 327.8236757266568 1120.9967042076751 212.74617916933494 1602.874511923641 550.75670831017487 156.80950061043222 137.66245172321214 494.39075272428454 171.29365075188616 66.966350081434939 98.067260708368849 0.25749758025631209 795.86484691355145 494.04202572948998 379.19999256683514 126.87658919540536 182.72799865377601 67.173502900230233 123.05750078568235 1562.2849435684329 148.81182243383955 53.778132940515206 2352.9551343262865 63.955969015543815 194.84341544599738 769.85186726693064 88.36518436516053 439.08928532164555
leaf_count=8096 7683 5594 20641 14559 5856 41891 46955 8061 913 2718 10602 4083 386 17 4535 8274 15441 7949 10391 3111 5591 28188 7652 2564 32607 3573 1053 1034 1267 13949
internal_value=0.0129902 -0.0119756 0.0196411 -0.0060977 0.0216428 0.00547771 -0.0333849 0.0297992 -0.000413827 -0.0222817 -0.0508653 0.0206089 -0.0564863 -0.0615034 0.0319614 0.0011818 -0.0249806 0.0372494 0.0315815 0.0686872 0.034364 0.0177919 0.0294977 -0.0493114 0.0489824 -0.0699048 0.0166533 0.01173 -0.00100045 0.0242918
internal_weight=13202.4 2777.24 10425.2 2642 10197.2 3419.7 763.76 6777.52 2522.36 1236.32 741.934 1286.03 165.034 551.014 6620.71 970.678 570.641 5650.03 4786.99 863.038 4660.11 2184.1 642.854 432.978 2476.01 227.954 2655.93 2461.09 1691.24 2001.37
internal_count=325234 64956 260278 56860 249022 98073 52828 150949 51266 32238 29520 19028 4469 46972 142888 36567 18918 106321 98675 7646 90726 52528 15926 18005 38198 11256 45245 44192 43158 42137
is_linear=0
shrinkage=0.05


Tree=20
num_leaves=31
num_cat=0
split_feature=126 80 61 124 107 23 3 87 105 54 62 123 1 107 112 116 18 73 55 16 97 9 9 87 16 117 79 79 115 1
split_gain=731.373 569.589 826.199 583.583 542.425 531.873 654.6 551.246 560.039 540.014 519.323 505.954 478.304 476.045 463.347 532.549 455.258 440.952 430.115 378.324 374.013 365.044 634.635 488.589 358.639 347.279 344.939 332.9 331.461 309.366
threshold=227.15000000000001 9.0687007519230232 33.941666666666677 220.99494949494951 4.5700242746486408 800.50000000000011 5.8500000000000005 38.850000000000001 40.850000000000001 221.75000000000003 4.5431266766402327 58.150000000000013 6.9500000000000011 3.3077060555846218 0.56832298136645976 12.353397722619887 1.0000000180025095e-35 12.400000000000009 20.100000000000019 2334.5000000000005 31.84356060606061 96.750000000000014 99.800000000000011 41.45000000000001 1730.5000000000002 47.95000000000001 40.370833333333344 33.955000000000013 31.595742753623192 19.350000000000005
decision_type=2 2 2 2 2 2 2 2 2 2 2 2 2 2 2 2 2 2 2 2 2 2 2 2 2 2 2 2 2 2
left_child=21 3 13 5 14 7 9 -2 -9 -7 17 12 -12 -3 -4 -16 26 -10 -5 20 -11 -1 23 -23 -8 -20 28 -6 -15 -22
right_child=1 2 4 18 27 6 24 8 10 19 11 -13 -14 16 15 -17 -18 -19 25 -21 29 22 -24 -25 -26 -27 -28 -29 -30 -31
leaf_value=-0.0010082379022514742 -0.069579881771698812 0.10761187012691745 -0.061930181101167152 -0.061657504860348655 -0.048780064933620512 -0.033639496643675132 0.022035775542089471 0.08515954571475387 0.062541260400075196 -0.095614714487891328 -0.042121762121205705 -0.057703738376628927 0.051001141801583272 0.026385414260379155 -3.9493680380969707 -0.38006995669347837 -1.0602859454958888 -0.043033074332540389 0.054105985737360633 0.082876965879530265 1.9429793820347637e-05 -0.1991785152019252 -0.11084593620951975 -1.713378174065942 -0.056727561339567537 -0.027100630780494378 0.076784835433311799 0.019566635238779967 -0.069528131809084029 0.040632150733796217
leaf_weight=103.47010011435486 116.53779952271725 49.558922040507923 224.35294315663486 344.67130459941109 189.98325274593662 383.85044416916207 206.88443705294048 600.34130973444553 135.86866278992966 64.668407212360762 146.04328379611252 123.64649077663489 2469.7120178806754 102.50973554834491 0.16295456211082537 0.29134961927775294 1.1171843050979067 363.53675336096421 242.87337348004803 298.70041877916083 719.22816003518528 1.0337017066776746 146.58279605202551 1.0992833040654657 479.5022721865098 287.49974969634877 50.375395360693801 2863.6635879722789 742.68029898492046 1347.2827343714598
leaf_count=151 7505 122 11606 14763 12946 14664 2303 3273 1760 4482 8015 5245 37576 1739 16 40 32 17583 2838 1798 18600 6 11619 39 22486 9546 203 49175 50391 14887
internal_value=0.0111786 0.0128719 -0.00208285 0.0204557 0.00979619 0.0249893 0.0107923 0.0375513 0.0408033 0.0214721 0.0325814 0.04113 0.0458019 -0.0432403 -0.0651604 -1.66034 -0.0515778 -0.0143104 -0.0181729 0.0301781 0.0227919 -0.0731278 -0.123306 -0.979556 -0.0329874 0.0100863 -0.0503194 0.0153144 -0.0578952 0.0264973
internal_weight=12807.7 12555.5 4224.7 8330.85 3278.45 7455.8 3500.12 3955.69 3839.15 2813.73 3238.81 2739.4 2615.76 946.242 224.807 0.454304 896.683 499.405 875.044 2429.88 2131.18 252.186 148.716 2.13299 686.387 530.373 895.565 3053.65 845.19 2066.51
internal_count=325409 313594 126270 187324 73783 160177 79220 80957 73452 54431 70179 50836 45591 52487 11662 56 52365 19343 27147 39767 37969 11815 11664 45 24789 12384 52333 62121 52130 33487
is_linear=0
shrinkage=0.05


Tree=21
num_leaves=31
num_cat=0
split_feature=126 20 116 88 89 68 57 7 86 49 121 92 75 133 57 33 36 135 122 81 6 36 121 35 115 9 36 116 80 52
split_gain=663.653 564.581 716.942 953.504 776.154 694.237 641.96 631.496 646.211 590.257 499.373 486.825 643.736 471.006 422.026 461.432 417.806 415.154 406.511 392.395 387.651 402.669 369.541 357.802 348.977 340.737 339.17 387.239 329.232 290.835
threshold=227.15000000000001 2.4950000000000006 8.330033454024198 222.10416666666669 5.7136295934549386 5.0434611129208173 18.650000000000002 0.95000000000000007 6.2112678645104262 41.066666666666698 45.191547619047633 11.087270888608616 52.050000000000004 33.180277777777789 31.450000000000003 33.650000000000013 60.45000000000001 48.95000000000001 6.5266881920836726 47.250000000000007 221.95000000000002 47.850000000000001 30.914087301587305 45.750000000000007 36.757427536231894 96.750000000000014 60.350000000000001 9.6189388971566121 6.0336832310429704 218.51666666666671
decision_type=2 2 2 2 2 2 2 2 2 2 2 2 2 2 2 2 2 2 2 2 2 2 2 2 2 2 2 2 2 2
left_child=25 2 4 5 7 6 -4 17 16 23 14 19 22 -6 -11 -16 -9 -2 29 -8 28 -22 -13 -7 -23 -1 27 -24 -15 -10
right_child=1 -3 3 -5 13 9 11 8 18 10 -12 12 -14 20 15 -17 -18 -19 -20 -21 21 24 26 -25 -26 -27 -28 -29 -30 -31
leaf_value=-0.00095689044862359959 -0.048075153562458874 0.04465683115701452 -0.068086219293098521 -0.07069842470460376 -0.080370933514129508 -0.056963536908544991 -0.10685852297861478 -0.074427951393109704 -0.065185608382984456 0.038224669416808424 -0.047650197740439333 -0.060779311929297745 -0.031619509248044832 -0.077673531140319149 0.056503570575459572 -0.058485330452900712 -0.0062703504433970284 0.063246001663112547 -0.059841740543778159 0.0042258444966523688 -0.065114035061834732 0.079604164673843777 0.067777899233089495 -0.0042269527500087209 -0.047752582893818424 -0.11972007724357514 0.008872829285655982 -0.048609782953746378 0.033368588031507475 0.040729296127136272
leaf_weight=103.56862472300418 98.466750101360503 1217.8902563547017 190.46487944779801 468.39747673687816 72.536628111382015 872.01788361312356 99.400716488817125 456.02826851128702 70.931617227673996 953.71713829544751 340.68854106007711 76.335546985035762 299.52609687355107 72.4015361628135 126.79370039288187 279.69839329924434 443.53049062157515 560.43447193055181 142.63226587916142 397.04601593239204 54.777574924373766 1130.2106155593647 1437.1405547385802 509.58582588844001 56.476813650777331 144.87677201282349 375.05870095943101 75.206870846159291 855.51368109935402 751.57215833250666
leaf_count=151 4394 3099 11997 19393 4687 56985 6608 27846 3694 15434 10062 4041 13383 4744 1392 11821 13092 6626 7433 6740 3400 7240 16746 11433 2264 11664 9941 4423 15847 8829
internal_value=0.0107065 0.0123168 0.00882095 -0.00197791 0.0235527 0.00335778 0.0206957 0.00453362 -0.0103344 -0.0132359 0.00648345 0.0268231 0.0366585 0.0449613 0.0200422 -0.0226178 -0.0408226 0.0466101 0.0180823 -0.0180159 0.049152 0.067425 0.0470728 -0.0375124 0.073543 -0.0702117 0.0514348 0.0619901 0.0247044 0.0315953
internal_weight=12732.9 12484.5 11266.6 6501.08 4765.51 6032.68 2950.18 2523.6 1864.69 3082.5 1700.9 2759.71 2263.27 2241.92 1360.21 406.492 899.559 658.901 965.136 496.447 2169.38 1241.47 1963.74 1381.6 1186.69 248.445 1887.41 1512.35 927.915 822.504
internal_count=325409 313594 310495 200399 110096 181006 73879 71914 60894 107127 38709 61882 48534 38182 28647 13213 40938 11020 19956 13348 33495 12904 35151 68418 9504 11815 31110 21169 20591 12523
is_linear=0
shrinkage=0.05


Tree=22
num_leaves=31
num_cat=0
split_feature=126 20 116 88 89 86 7 122 23 92 109 94 49 76 123 86 121 8 0 69 13 88 124 104 6 89 126 134 81 111
split_gain=611.986 537.832 652.243 865.845 709.931 601.918 734.66 680.171 590.063 583.533 746.37 548.259 529.12 511.924 506.263 477.104 515.249 466.406 430.444 402.011 398.023 387.021 505.477 379.159 369.276 343.74 335.459 321.852 321.61 319.968
threshold=227.15000000000001 2.4950000000000006 8.330033454024198 222.1348484848485 6.0089926297302325 6.1694475709913563 1.4500000000000002 6.4534432612994044 789.50000000000011 11.087270888608616 19.446829710144936 1.2613636363636365 42.699999999999982 1.0000000180025095e-35 57.850000000000001 5.1866013277804628 30.914087301587305 85.450000000000017 -33.149999999999999 43.250000000000007 52.350000000000001 219.04545454545459 218.66231092436979 5.2123833404088904 221.95000000000002 6.8955134733102605 233.25000000000003 9.1223856876838756 45.650000000000013 50.45000000000001
decision_type=2 2 2 2 2 2 2 2 2 2 2 2 2 2 2 2 2 2 2 2 2 2 2 2 2 2 2 2 2 2
left_child=-1 2 4 9 5 6 8 26 -2 10 21 13 15 17 20 16 -11 -12 -17 29 23 22 -4 -14 25 -6 -7 -25 -26 -18
right_child=1 -3 3 -5 24 7 -8 -9 -10 12 11 -13 14 -15 -16 18 19 -19 -20 -21 -22 -23 -24 27 28 -27 -28 -29 -30 -31
leaf_value=-0.068397217921331049 0.061967166571360005 0.04396079558278522 0.012203683040899735 -0.068790532203055171 0.032677862992789471 0.048299382831039323 -0.044949965111620471 -0.049064814329506358 -0.053697187058677015 -0.091581614683012819 0.026948916305497162 -1.7482319946811362 -0.049197320945517806 -0.010867916189840855 -0.030481932326278396 -0.028130253435155107 -0.042921770427025184 -0.17439388035769979 0.12482868577970185 -0.039228393432216978 -0.049519015760119779 0.011903700583585787 -0.13957061508117369 0.064074293991580586 0.078472234586385636 -0.071988980157696114 -0.07980633833055828 0.0066819447661285863 0.0066935871952909223 0.051906511476456633
leaf_weight=242.5518666550779 390.24624891113535 1176.375754303881 110.25578310778656 449.94804000440854 611.52589780604239 1257.3383717946126 860.51083193270097 236.31546053383499 153.6913094497213 96.236464226822136 34.852965333149768 0.49875579861691122 96.781484561623074 127.27091935351564 292.65136638823606 1380.4583474896208 99.358363400577218 164.6066298423757 47.579943006625399 181.56610771326814 114.69820055767195 775.07720404987049 109.18403378897347 1244.992996059591 888.38497634665691 89.985333177144639 53.267431580170523 303.91080840938957 189.31033494192525 849.59051913193252
leaf_count=11815 5266 3099 1248 18710 11766 13189 41415 11392 7159 6294 438 26 6466 254 10175 65232 5435 14457 76 10250 3132 19928 6125 11506 5811 5800 2982 7426 5316 13221
internal_value=0.010258 0.0117982 0.00842308 -0.0018821 0.0225382 0.00749908 -0.0161987 0.0290143 0.0292858 0.00311084 -0.0262451 -0.0917468 0.0113527 -0.0892182 0.030414 -0.0033881 0.0194812 -0.139212 -0.0230339 0.0289356 0.0405375 -0.0046928 -0.0633128 0.0468142 0.0474853 0.0192519 0.0430927 0.0528133 0.0658634 0.0419776
internal_weight=12629 12386.5 11210.1 6479.52 4730.58 2951.37 1404.45 1546.92 543.938 6029.57 1321.75 327.229 4707.82 326.731 2053.03 2654.79 1226.75 199.46 1428.04 1130.51 1760.38 994.517 219.44 1645.69 1779.21 701.511 1310.61 1548.9 1077.7 948.949
internal_count=325409 313594 310495 200399 110096 81403 53840 27563 12425 181689 42476 15175 139213 15149 38705 100508 35200 14895 65308 28906 28530 27301 7373 25398 28693 17566 16171 18932 11127 18656
is_linear=0
shrinkage=0.05


Tree=23
num_leaves=31
num_cat=0
split_feature=20 23 92 116 106 40 16 1 89 30 97 93 67 99 97 87 124 115 99 20 116 56 16 127 30 40 57 56 36 23
split_gain=563.34 610.288 881.417 642.604 489.323 535.396 496.811 486.5 468.063 461.045 459.263 861.032 626.988 497.853 489.145 446.188 420.381 572.954 361.438 313.324 311.125 301.675 269.661 269.652 268.882 263.622 262.881 256.798 256.439 249.199
threshold=2.4650000000000003 800.50000000000011 9.0499953959379802 9.6356500461260399 220.97445652173917 252.65000000000001 2334.5000000000005 20.350000000000005 4.4685559663140806 72.850000000000009 34.504166666666677 41.45000000000001 46.555 50.250000000000007 33.040833333333346 38.850000000000001 220.78840336134456 33.029800724637688 49.650000000000013 1.0750000000000004 8.9008476987430321 3.9887341350358181 2007.5000000000002 25.577460317460325 98.850000000000009 39.850000000000001 36.650000000000013 6.8595432306629105 67.450000000000017 867.50000000000011
decision_type=2 2 2 2 2 2 2 2 2 2 2 2 2 2 2 2 2 2 2 2 2 2 2 2 2 2 2 2 2 2
left_child=1 2 25 8 5 6 7 18 9 -4 11 14 15 -13 -10 -12 26 -18 -3 -19 -8 -17 -9 -20 -5 -1 -6 -11 -23 -25
right_child=-2 4 3 24 16 -7 20 22 10 27 12 13 -14 -15 -16 21 17 19 23 -21 -22 28 -24 29 -26 -27 -28 -29 -30 -31
leaf_value=-0.0081125620889475961 0.042351635775005204 -0.060547017988567889 -0.051343235220448924 -0.051673885086308526 0.053479749324586406 -0.069697708746313994 0.066152864698129157 0.014375215787757675 0.054261018150033473 -0.11293791839763555 -0.069459151003830655 -0.045883709196370928 -0.082678993297201395 -1.9071677172161712 -0.067887715731066209 -0.049541761791839105 0.052409301788747045 -0.073868542917767399 -0.0048458595603268718 0.0050976942452649263 -0.12086697221300345 0.056172014076606769 -0.029258496280512553 -0.22117670030154787 0.071596869021070028 -0.10588415848208982 -0.036439226288886309 0.032090620097637274 -0.018010232868488747 -1.2508437216283261
leaf_weight=113.19369662111967 1203.0092986144591 754.56475416979129 349.31872471049519 376.82993496881227 707.05282675127091 406.06226629440789 284.50871111906599 1279.3423799241227 676.99466296721903 32.569501546444371 79.594620905510965 453.27803143038182 95.601760185731109 0.3595508755533946 93.248696090464364 73.481343154304341 255.58851884823525 286.96067095026956 591.53341764592187 223.42010949022369 24.123779178771656 2766.8210638562159 489.59853112230803 6.4380603341560336 50.12037895002868 176.36363599357355 91.840498038778605 485.71756944029767 121.62062168655621 0.64663576474413265
leaf_count=2614 3369 43832 20034 18511 6811 35514 2569 20095 5914 3055 5392 29515 4310 22 5398 4300 2843 15790 7349 2149 1724 38817 16693 183 296 11393 3358 9768 3745 46
internal_value=0.00981752 0.00636819 0.0174213 0.0217775 -0.00579692 -0.0154076 -0.0089819 -0.0149642 0.0265937 -0.00694614 0.0332663 0.00728844 0.043401 -0.047359 0.0394732 0.047364 0.0177672 -0.00869907 -0.0375307 -0.0393009 0.0515347 0.0505034 0.0022985 -0.00851841 -0.0372029 -0.0676633 0.0431427 0.0229769 0.0530485 -0.315157
internal_weight=12549.8 11346.8 5945.11 5655.56 5401.68 3836.82 3430.76 3122.12 5228.61 867.606 4361 1223.88 3137.12 453.638 770.243 3041.52 1564.86 765.969 1353.18 510.381 308.632 2961.92 1768.94 598.618 426.95 289.557 798.893 518.287 2888.44 7.0847
internal_count=325409 322040 163084 149077 158956 128005 92491 88198 130270 32857 97413 40849 56564 29537 11312 52254 30951 20782 51410 17939 4293 46862 36788 7578 18807 14007 10169 12823 42562 229
is_linear=0
shrinkage=0.05


Tree=24
num_leaves=31
num_cat=0
split_feature=63 16 125 104 116 92 40 88 103 47 127 41 133 41 126 73 81 117 92 125 51 40 88 30 6 20 51 33 115 47
split_gain=535.524 506.304 783.529 636.563 500.95 500.918 478.86 471.56 410.168 403.304 421.161 418.753 374.688 367.207 719.131 437.272 320.09 858.341 388.523 329.587 405.731 309.957 308.783 357.969 306.764 305.623 304.032 265.526 260.649 258.471
threshold=27.750000000000004 1917.5000000000002 4.7808978368929909 7.0015916692204261 8.330033454024198 13.425007759110892 61.750000000000007 222.1348484848485 30.026376811594208 8.270551785621139 18.325357142857147 5.5000000000000009 33.625820105820118 4.5000000000000009 228.85000000000005 15.580000000000007 45.050000000000004 49.050000000000004 8.832013909464246 6.0789884914380412 40.550000000000004 96.15000000000002 218.60871212121214 93.450000000000017 218.85000000000005 1.135 42.95000000000001 42.550000000000004 34.504257246376817 6.0248948687550756
decision_type=2 2 2 2 2 2 2 2 2 2 2 2 2 2 2 2 2 2 2 2 2 2 2 2 2 2 2 2 2 2
left_child=-1 8 25 4 5 13 26 9 -2 10 11 -6 -10 15 -15 -4 18 29 -14 20 -20 -21 -12 -24 -11 -3 -7 -22 -19 -18
right_child=1 2 3 -5 7 6 -8 -9 12 24 22 -13 16 14 -16 -17 17 28 19 21 27 -23 23 -25 -26 -27 -28 -29 -30 -31
leaf_value=-0.11041304001118502 -0.08423553063604583 -0.06697621446798889 -0.050305565468093338 -0.074330045481482532 0.036859026233004612 -0.058260508883739737 -0.062428557848252908 -0.076066308517567197 -0.026782732937023674 -0.027195715746456753 0.0048820334417353055 -0.070719268629302376 -0.13272502526520411 0.058323739031648975 -0.066913205594699349 0.061576198471470091 -0.093516689557451502 -0.043490302394454949 -0.060609425530378958 0.0883074827124566 0.051275936016231677 -0.097713213044023528 -0.060013659767540653 0.023062965654548337 0.051087487025210293 -0.00092549438503489482 0.040880591628719855 -0.040228585155422297 0.029868161350885061 -0.015052616281664603
leaf_weight=92.54612646336318 90.690422098675299 539.11948504838801 93.751912106221425 229.56349143187981 631.02935153974977 96.159983340839972 260.20595861399852 206.67247000923089 354.71301442403637 159.97289439616725 517.46128365560435 105.59550238274642 30.158018494825228 256.88326574797975 206.98763052915456 1275.3251826120668 181.58383252641943 125.99870746233501 106.36726115155034 513.53112362758839 830.75591486089979 23.414402763883118 681.28864425479242 160.14630577820935 574.78326265931901 259.40099767111496 394.92202870734036 87.643448378308676 3105.8495053363968 248.71726184061845
leaf_count=6593 5270 35841 4842 15229 10754 4066 21119 9401 16713 6813 11971 5826 1957 1170 10064 10122 13783 6177 8004 1315 9561 2099 40941 4237 8728 4451 3636 4103 31718 8905
internal_value=0.00941514 0.0103132 0.000939856 0.00728071 0.0106136 0.0267946 -0.00758959 -0.00315533 0.0212486 0.00216877 -0.00900751 0.0214376 0.0229543 0.040888 0.00244074 0.0539147 0.0263121 0.0181755 0.0450308 0.0484634 0.0318367 0.0801957 -0.0255111 -0.0442021 0.0340435 -0.0455195 0.0214675 0.0425436 0.0270082 -0.0481639
internal_weight=12441.2 12348.7 6649.27 5850.75 5621.19 2584.24 751.288 3036.95 5699.42 2830.28 2095.52 736.625 5608.73 1832.95 463.871 1369.08 5254.02 3662.15 1591.87 1561.71 1024.77 536.946 1358.9 841.435 734.756 798.52 491.082 918.399 3231.85 430.301
internal_count=325409 318816 209211 168919 153690 55019 28821 98671 109605 89270 73729 16580 104335 26198 11234 14964 87622 60583 27039 25082 21668 3414 57149 45178 15541 40292 7702 13664 37895 22688
is_linear=0
shrinkage=0.05


Tree=25
num_leaves=31
num_cat=0
split_feature=135 40 6 86 50 123 9 68 104 26 53 110 94 111 52 81 124 23 80 62 0 81 68 74 81 52 80 99 86 36
split_gain=675.762 534.07 602.713 566.455 565.481 416.24 399.044 625.551 570.094 448.143 436.226 400.632 398.455 390.1 377.918 342.558 333.053 313.744 308.306 306.573 413.484 300.575 292.926 511.86 997.662 682.927 291.906 287.276 283.814 280.114
threshold=47.050000000000004 111.05000000000001 219.55000000000004 5.161556612733464 7.7687407550455498 57.95000000000001 99.800000000000011 3.6346710075062769 7.0960025232774466 1.9550000000000003 1.0969655114603225 9.782192217725493 0.61818181818181828 50.150000000000013 214.68333333333334 44.45000000000001 221.38309523809525 747.50000000000011 11.188692208234881 10.441743149493766 -55.04999999999999 36.250000000000007 8.4424325088605752 13.771867459825213 59.95000000000001 215.78333333333333 5.5087354868978045 74.000000000000014 3.2393122626966799 45.750000000000007
decision_type=2 2 2 2 2 2 2 2 2 2 2 2 2 2 2 2 2 2 2 2 2 2 2 2 2 2 2 2 2 2
left_child=-1 6 13 4 -4 16 9 17 10 12 -9 -12 22 -3 -13 -15 19 -8 21 20 26 -16 -2 24 25 -24 -5 -20 -14 -17
right_child=1 2 3 5 -6 -7 7 8 -10 -11 11 14 28 15 18 29 -18 -19 27 -21 -22 -23 23 -25 -26 -27 -28 -29 -30 -31
leaf_value=-0.094938749366545228 -0.0059399608474955375 -0.072160750142259783 -0.062615828948843127 -0.069828376747132201 0.065927192282922639 -0.064668515562057188 0.030607941333882251 -0.084961001996019275 -0.080628736796716768 0.02355716642134369 -0.081577618867354929 -0.080524447230026441 -7.4327254703791041 -0.078394717005322079 -0.093146609449011597 -0.099304165767816713 -0.077655946058035941 -0.067034114756453642 -0.029544422638267533 -0.021245982723856277 -0.073141612901792843 0.045117034400048953 -0.37276083289514217 -0.066300632062264789 -0.04693164922621515 -2.3051195539448162 0.049330296189675396 -1.3684929127918148 -0.14520397561588827 0.0085511022412791821
leaf_weight=142.28954021351819 1212.815425961453 353.68827739353583 390.14449964612868 53.045656778631383 109.59128780578612 123.43326788580634 125.39378045120975 72.558059572034836 105.62717424721814 1784.3100173445418 68.464968612330267 63.955175713372228 0.013363508507608368 161.79716240876587 39.643317218491575 64.932155710346706 69.646700782672269 239.22172332748596 131.27516743217711 226.38815778307617 76.573317301401403 4641.5084048973094 0.7610607603564884 17.994550968520343 2.7646608622744679 1.1453369474038479 1652.9354013998236 0.40182671742513676 54.845949388807639 825.91327417477441
leaf_count=9226 1812 29011 30903 4035 1189 7291 2809 5018 9350 2009 3808 4358 2 15989 2438 7263 4787 16297 7510 13702 6474 81728 7 50 7 54 27340 43 267 30914
internal_value=0.0134179 0.0146347 -0.000185428 0.013632 -0.0344265 0.0245386 0.0217449 0.029824 0.0343273 0.00732422 0.0367472 0.0385329 -0.0151231 -0.0267306 0.0402192 -0.011466 0.029836 -0.0334543 0.0418237 0.0335625 0.0405233 0.0439461 -0.00926822 -0.18736 -0.653724 -1.53369 0.0456252 -0.0336304 -0.146979 0.000689722
internal_weight=12813.1 12670.8 4108.09 2701.76 499.736 2202.02 8562.7 5488.05 5123.43 3074.65 5017.81 4945.25 1290.34 1406.33 4876.78 1052.64 2078.59 364.616 4812.83 2008.94 1782.55 4681.15 1235.48 22.6656 4.67106 1.9064 1705.98 131.677 54.8593 890.845
internal_count=325691 316465 178898 95721 32092 63629 137567 133359 114253 4208 104903 99885 2199 83177 96077 54166 56338 19106 91719 51551 37849 84166 1930 118 68 61 31375 7553 269 38177
is_linear=0
shrinkage=0.05


Tree=26
num_leaves=31
num_cat=0
split_feature=135 85 85 92 41 98 81 40 51 71 53 40 98 117 20 87 129 20 133 38 21 109 86 122 110 116 35 23 80 56
split_gain=620.257 521.186 567.348 661.076 596.919 541.728 539.858 499.404 551.232 518.273 479.471 473.91 433.111 417.253 353.588 575.076 347.026 403.686 405.916 813.029 438.014 342.435 757.191 500.185 383.484 336.125 310.545 305.526 303.051 296.979
threshold=47.050000000000004 29.00416666666667 30.868333333333343 8.748063566385456 8.5000000000000018 8.5290923706115311 50.050000000000004 247.45000000000002 45.95000000000001 4.6404381976995932 9.0338253248554867 383.35000000000008 7.100004801136401 49.550000000000004 1.8950000000000002 42.050000000000004 63.95000000000001 1.7250000000000003 35.426092436974805 1.0000000180025095e-35 1.0000000180025095e-35 20.86138716356108 5.8309969346998054 6.6436134148781401 18.958194160391354 7.7037776863607537 51.050000000000004 889.50000000000011 9.6889025866327572 15.258112596255147
decision_type=2 2 2 2 2 2 2 2 2 2 2 2 2 2 2 2 2 2 2 2 2 2 2 2 2 2 2 2 2 2
left_child=-1 6 4 14 5 12 -2 8 10 -9 16 -11 -3 -7 15 -4 17 18 19 25 -20 22 -10 -24 -23 -5 -22 -26 -18 -13
right_child=1 2 3 7 -6 13 -8 9 21 11 -12 29 -14 -15 -16 -17 28 -19 20 -21 26 24 23 -25 27 -27 -28 -29 -30 -31
leaf_value=-0.09194255027235726 -0.081349340782493285 -0.087713162055852709 0.01585557561328254 0.036458357755577812 0.2641148462062724 -0.085826988326533696 -1.630603668701361 -0.069497523011500542 -0.033554249419138364 -0.053522494304153005 0.04697924209448192 -0.011434985964346066 0.066138386353249923 0.023969240407735015 0.035822889795173826 -0.10736551933399484 0.022698721854477591 0.022302710558420074 -0.068906733410549259 -1.921663252993099 -1.3986148265537697 0.044562781474693544 0.040001799187894677 -0.050885396181850555 -0.073193683079859323 -0.033089383927280662 -0.20933799020997493 0.037733192569324066 -0.032229330864832977 0.058377404318060003
leaf_weight=139.65011794372549 122.27065898215915 47.980140670231776 145.14756772154942 251.38020910610794 30.213653519749641 123.3400923461013 0.5649057631380846 332.71172872082388 619.77224193881557 254.83574712698464 546.05910654080799 273.02574636353529 981.59871212947473 289.93210659165925 111.14614667283604 272.37131831680563 1365.1972523329696 429.42452185094589 439.84083434977947 0.55750788189470668 1.0486606294289225 2791.8682473188637 1530.483005613758 167.99529065354727 129.98290584824281 562.4256635911006 1.1518022241070864 118.81682939192979 307.71230142877903 344.61359270144021
leaf_count=9226 8530 3624 2921 4533 103 9914 20 30503 20287 21169 6991 14971 9690 5756 502 15999 29035 2399 25016 23 33 25797 15987 6921 5608 30997 8 313 11652 7163
internal_value=0.0128524 0.0140145 0.015024 0.0111209 0.0441639 0.0395581 -0.0884742 0.0138757 0.0178146 -0.0164012 0.0035262 0.00384671 0.0589686 -0.00879918 -0.0434307 -0.0645286 -0.00353833 -0.0195484 -0.0338526 -0.0129141 -0.0724271 0.0282259 0.0137507 0.0310122 0.039262 -0.0116065 -0.776104 -0.0202194 0.0125953 0.027517
internal_weight=12733.1 12593.5 12470.6 10997.6 1473.06 1442.85 122.836 10468.9 9263.72 1205.19 3904.8 872.475 1029.58 413.272 528.665 417.519 3358.74 1685.83 1256.4 814.363 442.041 5358.92 2318.25 1698.48 3040.67 813.806 2.20046 248.8 1672.91 617.639
internal_count=325691 316465 307915 278828 29087 28984 8550 259406 185600 73806 110687 43303 13314 15670 19422 18920 103696 63009 60610 35553 25057 74913 43195 22908 31718 35530 41 5921 40687 22134
is_linear=0
shrinkage=0.05


Tree=27
num_leaves=31
num_cat=0
split_feature=135 20 137 98 116 93 1 99 86 135 80 93 107 115 107 68 71 108 123 126 126 93 94 122 33 129 116 99 86 134
split_gain=568.022 500.902 811.82 615.155 871.186 705.844 702.273 643.239 624.15 511.868 422.136 424.045 419.667 411.561 406.264 398.762 332.409 316.898 507.756 474.693 312.603 298.804 512.634 298.777 274.183 272.115 264.741 293.091 264.026 262.791
threshold=47.050000000000004 2.2650000000000001 0.57777723301313177 8.6192033661269747 8.4222337737140336 38.050000000000004 2.3500000000000001 48.850000000000001 4.5195970589433108 49.750000000000007 4.9151805495250533 73.850000000000009 3.3077060555846218 31.961684782608703 5.1728215708591909 4.162090820729281 5.3339478812603174 228.65000000000001 57.750000000000007 227.85000000000005 229.05000000000004 42.45000000000001 0.087121212121212113 6.4148188434004334 44.850000000000001 92.450000000000017 8.3946870549525112 50.050000000000004 7.5099202069724376 8.7512961861413263
decision_type=2 2 2 2 2 2 2 2 2 2 2 2 2 2 2 2 2 2 2 2 2 2 2 2 2 2 2 2 2 2
left_child=-1 2 3 5 7 14 16 20 24 12 -10 17 -8 -3 26 -11 -6 19 28 -12 -5 22 -14 29 -7 -21 27 -2 -19 -16
right_child=1 13 -4 4 6 8 9 -9 10 15 11 -13 21 -15 23 -17 -18 18 -20 25 -22 -23 -24 -25 -26 -27 -28 -29 -30 -31
leaf_value=-0.088752233426370675 -0.094704230828732097 0.20875521788903828 -0.11240624055410015 0.022765510649697469 0.055305934837135154 -0.072903591377333501 0.066194597949224346 0.052368964108587025 -0.038916138788508532 0.024216540657257431 0.049161994203382658 -0.042554931521064016 -0.091568264467599775 0.037282609714186205 0.025252813313147122 -0.026376725938713166 -0.071238604516305246 0.050982739252864187 -0.051063538046842084 -0.057175744981720601 -0.084779617266065962 -0.039097653305202575 -1.5721716470716238 -0.092520396098191404 0.017881873250315247 0.058267706770149634 -0.016542916902200534 -1.3556091543663964 -0.033335740742685228 -0.08353019308590276
leaf_weight=137.49400567858538 184.9452638693183 35.920247261994518 134.06210826307324 126.31086179277918 422.65902104198176 203.02734919686918 71.388005567015853 961.97020444672671 190.76033340087452 612.70765600758023 344.25676172226667 161.82290477864444 392.02318524539805 1355.9714435214992 690.22123200504575 1068.9197319796324 59.158656275030808 3605.8200625595082 131.78750487817524 264.58996463310905 145.29417309671408 687.17919648136012 0.58548815501853724 68.583881478058174 140.8716211701103 63.246823393274099 217.67692816819181 0.4620208409614851 95.295080993440934 60.373498347213172
leaf_count=9226 9435 138 3921 2452 5286 15865 308 11253 9459 9239 5780 7787 29083 4514 11353 31328 3870 46912 6329 15464 11763 52009 22 4810 3217 399 6260 15 4026 4168
internal_value=0.0123207 0.0134327 0.00988901 0.0113833 -0.00268674 0.0213453 -0.0160364 0.033184 0.0293796 -0.025528 0.0339881 0.0369681 -0.0512163 0.0417078 -0.0128457 -0.00794287 0.0397685 0.0398246 0.0453777 0.00815581 -0.0347654 -0.0589787 -0.0937763 0.0073752 -0.0357151 -0.0349042 -0.0539402 -0.0978463 0.0488117 0.0165029
internal_weight=12635.4 12497.9 11106 10971.9 4548.2 6423.74 3314.62 1233.58 5201.48 2832.8 4857.58 4666.82 1151.18 1391.89 1222.26 1681.63 481.818 4505 3832.9 672.094 271.605 1079.79 392.609 819.179 343.899 327.837 403.084 185.407 3701.12 750.595
internal_count=325691 316465 311813 307892 156613 151279 131145 25468 115238 121989 96156 86697 81422 4652 36041 40567 9156 78910 57267 21643 14215 81114 29105 20331 19082 15863 15710 9450 50938 15521
is_linear=0
shrinkage=0.05


Tree=28
num_leaves=31
num_cat=0
split_feature=85 85 63 40 92 40 51 53 1 129 92 129 92 73 2 1 20 3 61 54 69 56 13 125 50 115 116 109 111 122
split_gain=526.105 516.239 761.259 593.46 708.202 454.253 438.23 444.406 501.029 391.549 392.323 386.85 381.227 343.671 331.062 297.758 296.005 341.49 284.218 273.412 268.973 252.295 250.62 258.131 250.599 240.873 236.847 224.347 561.892 337.733
threshold=29.133333333333336 30.868333333333343 32.550000000000004 247.45000000000002 10.918034843708691 606.6500000000002 45.95000000000001 9.0338253248554867 14.550000000000002 45.650000000000013 16.220659992839369 63.95000000000001 8.748063566385456 18.716666666666679 0.60500000000000009 2.3500000000000001 1.7250000000000003 10.250000000000002 39.466666666666704 233.55000000000004 40.95000000000001 15.258112596255147 40.850000000000001 5.0248245320571234 1.5999999999999373 30.229800724637688 8.4125660838972021 20.925543478260874 42.850000000000001 5.5580431872157687
decision_type=2 2 2 2 2 2 2 2 2 2 2 2 2 2 2 2 2 2 2 2 2 2 2 2 2 2 2 2 2 2
left_child=-1 9 19 6 -5 24 7 8 25 -2 18 16 14 -13 -8 -14 17 -10 20 -3 22 -7 23 -11 -6 -4 -9 28 -17 -30
right_child=1 2 3 4 5 21 12 26 11 10 -12 13 15 -15 -16 27 -18 -19 -20 -21 -22 -23 -24 -25 -26 -27 -28 -29 29 -31
leaf_value=-0.076101469395539453 -0.10570326880458276 -0.072016851356586697 0.067545596268025115 -0.10017701502951726 0.038804549929922084 -0.049844060014269449 -0.14138916572831181 0.072376609062716452 -0.049385880403006774 -0.073128897380886446 -0.036447504283190039 0.054147214175764874 0.062467570274701595 0.0036768906938192828 -0.00023776774983932234 0.040804995597787608 0.025463115683951227 0.025190016414291513 -0.032118087047300042 0.042665537796813008 -0.12536506276435841 0.067193713695003654 0.18966940653321054 0.063733774529504822 -0.044438696382272616 -0.041674993195959839 0.0074999322753875625 0.033462974575739525 -0.083906007381784581 -0.0018312812138142295
leaf_weight=167.92969529774564 44.072300800813537 369.85615780921216 53.659097733558156 232.03369663606281 112.0526498517138 56.053340359881986 59.522770722835048 324.62008797307499 590.66305925088091 35.575073027866893 131.86040332369157 607.89175147347851 558.4236176101258 757.73024454755068 137.50991085400165 892.69568201074435 344.28294539352646 207.40594125760254 88.80130968434969 60.468213015585206 19.124228104774375 257.92971856624354 38.1788927387679 1090.91432923908 468.1187333900416 852.03861977549968 248.2716862197849 2616.2583230051096 143.91679210882285 971.1083451784325
leaf_count=10374 3440 22000 115 16534 3838 6203 3590 2789 31749 3806 7767 6844 4959 17356 1612 7460 1524 4617 3519 397 1989 3650 23 8299 45036 43443 4331 27889 7706 22832
internal_value=0.0118037 0.012997 0.00927742 0.0119507 -0.0223422 -0.00214404 0.0160741 0.00351056 -0.00332834 0.0410442 0.0456492 0.00818286 0.0253847 0.0261432 -0.042879 0.02798 -0.0132878 -0.0300047 0.0541557 -0.0559019 0.0606275 0.0462997 0.0636816 0.0594116 -0.0283613 -0.0352041 0.0442613 0.0238151 0.0112429 -0.0124247
internal_weight=12539 12371 10922.5 10492.2 1126.19 894.154 9366 3986.56 3413.67 1448.53 1404.45 2507.97 5379.44 1365.62 197.033 5182.4 1142.35 798.069 1272.59 430.324 1183.79 313.983 1164.67 1126.49 580.171 905.698 572.892 4623.98 2007.72 1115.03
internal_count=325691 315317 286474 264077 75261 58727 188816 112768 105648 28843 25403 62090 76048 24200 5202 70846 37890 36366 17636 22397 14117 9853 12128 12105 48874 43558 7120 65887 37998 30538
is_linear=0
shrinkage=0.05


Tree=29
num_leaves=31
num_cat=0
split_feature=135 20 118 98 116 99 1 127 121 19 88 135 107 105 88 88 16 104 87 121 125 109 122 55 124 36 128 92 105 135
split_gain=512.264 450.29 865.861 573.578 714.888 677.875 603.736 566.122 687.829 514.898 473.43 443.595 377.504 370.411 600.476 682.592 454.794 409.581 366.597 349.89 338.652 336.635 326.084 319.958 317.289 314.97 268.144 265.602 264.7 246.609
threshold=47.550000000000004 2.2650000000000001 0.34057971014492755 8.6192033661269747 8.4222337737140336 48.850000000000001 2.3500000000000001 24.0315037593985 40.104340277777787 1.0000000180025095e-35 223.20871212121213 49.750000000000007 3.3077060555846218 40.850000000000001 220.02613636363637 219.30954545454549 1836.5000000000002 5.3533529382038134 44.650000000000013 39.667156862745102 5.9672892184134279 14.441666666666668 5.6124733534123488 24.566666666666674 219.38027777777782 62.45000000000001 14.634574060643763 11.625018735713008 58.45000000000001 48.350000000000001
decision_type=2 2 2 2 2 2 2 2 2 2 2 2 2 2 2 2 2 2 2 2 2 2 2 2 2 2 2 2 2 2
left_child=21 2 3 7 5 -5 -6 10 -9 -10 13 12 -8 20 15 16 26 -16 -17 29 -2 -1 -13 -7 -20 -18 -15 -14 -21 -19
right_child=1 -3 -4 4 6 23 11 8 9 -11 -12 22 27 14 17 18 25 19 24 28 -22 -23 -24 -25 -26 -27 -28 -29 -30 -31
leaf_value=0.036284174122574113 0.051099428314789919 0.040178296711344708 -0.12877073966338565 -0.049725045046799851 0.037643188463767824 0.057017541154514365 0.063357419054973885 0.061048917529048764 -0.09192532904252021 -1.8459411988349093 -0.086716340437628103 0.016581114721813638 -0.090981514264150617 -0.034205551790558709 -0.077816692120181025 -0.058191134576441095 -0.060498456718730602 0.017245719661339653 -0.038726591633621098 0.020096958286874751 -0.11320404668017887 -0.088604691820298842 -0.027506788481029915 -0.057013881403056355 0.060940443500532217 0.0064299774337313017 0.052806355544228745 -0.037673698839472303 -0.095879907713432855 -0.068539150087071829
leaf_weight=73.21359303045756 851.24165722003136 1340.4382280704449 112.11904196011346 212.75237289442157 470.91470761790697 880.24973045778461 71.419915203135815 1121.7105873421824 67.514062613656279 0.42101183487102289 115.46185266383691 773.01853190593829 350.4144526782311 114.76539115473861 226.39314483632916 76.620255896243634 377.23486865826999 118.72831983509241 85.494069742766442 814.23723863999476 32.56135409604758 205.15268588972685 916.82902337891323 66.137251032501808 1210.2823001553297 329.1838672160593 387.50209200021345 701.31062287620443 52.362273307400756 284.5922308216941
leaf_count=583 9929 4575 2413 13394 9068 8128 307 6104 4108 17 3007 13644 23080 4802 15294 6508 24203 2678 3684 16621 2227 16242 27492 3162 11400 8257 3633 56619 3037 21475
internal_value=0.0113073 0.0128423 0.00945624 0.0109034 -0.00283864 0.0309193 -0.0147544 0.020647 0.0516925 -0.102795 0.0133719 -0.0235261 -0.0478809 0.0157012 0.00934052 0.0239501 -0.0034488 -0.0158604 0.0480806 -0.00481523 0.0450461 -0.0557575 -0.00733884 0.0490486 0.0543645 -0.0293105 0.0329246 -0.0554348 0.0130893 -0.0432861
internal_weight=12440.3 12161.9 10821.5 10709.4 4443.05 1159.14 3283.91 6266.31 1189.65 67.9351 5076.66 2812.99 1123.14 4961.2 4077.4 2581.08 1208.69 1496.31 1372.4 1269.92 883.803 278.366 1689.85 946.387 1295.78 706.419 502.267 1051.73 866.6 403.321
internal_count=325691 308866 304291 301878 154894 24684 130210 146984 10229 4125 136755 121142 80006 133748 121592 62487 40895 59105 21592 43811 12156 16825 41136 11290 15084 32460 8435 79699 19658 24153
is_linear=0
shrinkage=0.05


Tree=30
num_leaves=31
num_cat=0
split_feature=93 74 63 122 11 90 70 63 24 98 35 86 92 128 93 124 116 80 16 14 135 125 110 125 129 98 87 2 14 70
split_gain=667.333 694.689 749.167 485.741 482.557 953.823 17183.3 432.238 370.242 348.462 417.47 392.681 305.712 304.722 972.541 317.12 310.635 299.305 295.256 283.831 306.965 291.587 277.179 269.899 256.686 251.045 249.307 270.383 246.324 273.555
threshold=39.050000000000004 9.0526331343926341 47.45000000000001 6.4148188434004334 39.45000000000001 223.55000000000004 220.33333333333337 45.050000000000004 1.0000000180025095e-35 8.9776654689686648 41.150000000000013 4.0899025691755737 22.361337033800329 14.128711786005939 45.550000000000004 221.01126984126986 8.7785536367085495 9.4909518314009595 1929.5000000000002 55.850000000000001 49.550000000000004 5.9158165049828257 21.082402577594763 4.3234177656599577 62.050000000000004 7.1529369893584391 36.350000000000001 1.3250000000000004 50.250000000000007 222.95500000000004
decision_type=2 2 2 2 2 2 2 2 2 2 2 2 2 2 2 2 2 2 2 2 2 2 2 2 2 2 2 2 2 2
left_child=1 2 8 23 5 6 -2 17 22 11 18 -6 13 14 16 19 25 -7 -11 21 24 -15 -1 -3 -21 -13 -12 -28 -25 -30
right_child=4 3 -4 -5 9 7 -8 -9 -10 10 26 12 -14 15 -16 -17 -18 -19 -20 20 -22 -23 -24 28 -26 -27 27 -29 29 -31
leaf_value=-0.09703995706279657 -0.025810336957458341 -0.11866818354436925 0.0061393137926755411 -0.059056579670133114 -0.050351945645149776 0.060053434606480098 4.7587822832612465 -0.011833801031179744 -0.92598942944505058 -0.0027444047881472703 0.080453491638050656 -0.042734135094189586 -0.049422706444468445 0.024498810258110154 -0.054860832815071953 -0.036107515975982919 -0.050334640178961859 -0.086720464290427346 -0.059223368268267088 -0.073898940483080128 0.059339182963066395 -0.064503870768433058 0.045604467169016095 -0.02792122137239459 0.029082896675939125 0.04957129590076103 -0.007891287701639051 0.034492121791227633 0.029702156677997887 -0.072688301416801646
leaf_weight=443.27177064916759 24.331716319080446 36.952826576394727 371.37428339879261 250.6304996355957 186.36377212640946 1010.1833973026223 2.0333514007506883 314.60732333901979 1.3156788205196779 511.73363846941334 127.52320505207172 80.391331535531208 139.43682233836171 891.49244144740805 446.88144489791921 153.48569778261299 101.01245994016062 35.970958651712863 422.41214453671932 67.873593862299458 1567.2002407209948 102.61663570081873 36.889922980510164 253.22409454992157 557.67673823631776 879.83670671796426 1014.3811271818558 598.20393461594358 1495.5121558096434 68.207861985021736
leaf_count=26589 913 2117 8317 12074 10883 14035 41 12819 31 19248 794 3696 6682 23009 25278 8699 4622 3931 33975 5269 10920 5639 202 11258 11042 9857 25717 2436 22843 2388
internal_value=0.0115192 -0.00915197 -0.0472193 0.00627466 0.0181384 0.0453245 0.343191 0.0395533 -0.088376 0.0133336 -0.00132106 0.0209077 0.0235702 0.0256694 0.00701434 0.0340919 0.0330696 0.0550068 -0.0282837 0.0374729 0.04752 0.0153115 -0.0860809 0.0151069 0.0179091 0.0418434 0.0131533 0.00783125 0.0178276 0.025236
internal_weight=12193 2957.38 852.852 2104.53 9235.65 1387.13 26.3651 1360.76 481.477 7848.52 2674.25 5174.27 4987.9 4848.47 1508.12 3340.35 1061.24 1046.15 934.146 3186.86 2192.75 994.109 480.162 1853.9 625.55 960.228 1740.11 1612.59 1816.94 1563.72
internal_count=325324 85819 35139 50680 239505 31739 954 30785 26822 207766 82170 125596 114713 108031 43453 64578 18175 17966 53223 55879 27231 28648 26791 38606 16311 13553 28947 28153 36489 25231
is_linear=0
shrinkage=0.05


end of trees

feature_importances:
network_latency_ms_rolling_max_60m=32
software_cpu_usage_percent_rolling_std_60m=31
dispenser_note_reject_rate_percent=29
network_latency_ms_rolling_std_60m=28
software_cpu_usage_percent_rolling_std_120m=26
temperature_cabinet_temp_c_rolling_max_180m=23
power_input_voltage_v_rolling_std_180m=22
software_cpu_usage_percent_rolling_max_180m=22
temperature_cabinet_temp_c_rolling_std_60m=21
software_uptime_hours=20
power_input_voltage_v_rolling_std_60m=20
power_battery_health_percent=19
power_input_voltage_v_rolling_std_120m=18
network_packet_loss_percent=17
software_cpu_usage_percent_rolling_mean_15m=17
power_input_voltage_v_rolling_mean_60m=17
power_input_voltage_v_rolling_mean_180m=17
power_input_voltage_v_rolling_max_180m=17
temperature_cabinet_temp_c_rolling_max_120m=16
software_cpu_usage_percent_rolling_max_60m=15
network_latency_ms_rolling_mean_180m=15
power_input_voltage_v_rolling_max_15m=14
software_cpu_usage_percent_rolling_max_15m=14
temperature_cabinet_temp_c_rolling_mean_120m=14
temperature_fan_speed_rpm=13
software_cpu_usage_percent_rolling_mean_60m=13
software_cpu_usage_percent_rolling_mean_120m=13
temperature_cabinet_temp_c_rolling_std_180m=13
temperature_cabinet_temp_c_rolling_mean_60m=12
temperature_cabinet_temp_c_rolling_std_120m=12
network_latency_ms_rolling_std_120m=12
power_input_voltage_v=11
temperature_cabinet_temp_c_rolling_max_15m=11
temperature_cabinet_temp_c_rolling_std_30m=11
software_cpu_usage_percent_rolling_std_30m=11
network_latency_ms_rolling_mean_120m=11
network_latency_ms_rolling_max_120m=11
dispenser_motor_current_ma=10
software_cpu_usage_percent=10
software_cpu_usage_percent_rolling_max_30m=10
temperature_cabinet_temp_c_rolling_mean_180m=10
network_latency_ms=9
printer_printer_temp_c=8
software_memory_usage_percent=8
temperature_cabinet_temp_c_rolling_max_60m=8
software_cpu_usage_percent_rolling_max_120m=8
network_latency_ms_rolling_max_180m=8
monitoring_successful_transaction_count=7
temperature_cabinet_temp_c_rolling_mean_15m=7
temperature_cabinet_temp_c_rolling_max_30m=7
power_input_voltage_v_rolling_std_30m=7
software_cpu_usage_percent_rolling_mean_180m=7
network_signal_strength_dbm=6
power_input_voltage_v_rolling_mean_15m=6
network_latency_ms_rolling_std_15m=6
software_cpu_usage_percent_rolling_std_15m=6
temperature_cabinet_temp_c_rolling_mean_30m=6
network_latency_ms_rolling_std_30m=6
software_cpu_usage_percent_rolling_mean_30m=6
power_input_voltage_v_rolling_max_60m=6
temperature_cpu_temp_c=5
printer_paper_level_percent=5
software_disk_usage_percent=5
power_input_voltage_v_rolling_mean_120m=5
network_latency_ms_rolling_std_180m=5
software_cpu_usage_percent_rolling_std_180m=5
network_heartbeat_gap_sec=4
power_power_supply_temp_c=4
temperature_cabinet_temp_c=4
card_reader_read_retry_rate_percent=4
temperature_cabinet_temp_c_rolling_std_15m=4
power_input_voltage_v_rolling_std_15m=4
network_latency_ms_rolling_mean_15m=4
network_latency_ms_rolling_max_15m=4
power_input_voltage_v_rolling_max_30m=4
network_latency_ms_rolling_mean_30m=4
network_latency_ms_rolling_mean_60m=4
power_voltage_variation_v=3
power_battery_charge_percent=3
power_input_voltage_v_rolling_mean_30m=3
dispenser_failed_pick_count_rolling_mean_60m=3
power_input_voltage_v_rolling_max_120m=3
temperature_time_above_warning_temp_min=2
dispenser_failed_pick_count=2
monitoring_failed_transaction_count=2
monitoring_decline_count=2
monitoring_unresolved_warning_count=2
atm_age_years=2
network_latency_ms_rolling_max_30m=2
monitoring_failed_transaction_count_rolling_mean_30m=2
dispenser_double_note_count=1
dispenser_jam_warning_count=1
software_app_restart_count=1
software_os_error_count=1
monitoring_timeout_count=1
dispenser_failed_pick_count_rolling_std_15m=1
monitoring_failed_transaction_count_rolling_mean_15m=1
dispenser_failed_pick_count_rolling_mean_30m=1
dispenser_failed_pick_count_rolling_std_30m=1
dispenser_failed_pick_count_rolling_std_60m=1
dispenser_failed_pick_count_rolling_mean_120m=1
monitoring_failed_transaction_count_rolling_mean_120m=1
dispenser_failed_pick_count_rolling_mean_180m=1
monitoring_failed_transaction_count_rolling_mean_180m=1
monitoring_failed_transaction_count_rolling_std_180m=1

parameters:
[boosting: gbdt]
[objective: binary]
[metric: auc]
[tree_learner: serial]
[device_type: cpu]
[data_sample_strategy: bagging]
[data: ]
[valid: ]
[num_iterations: 500]
[learning_rate: 0.05]
[num_leaves: 31]
[num_threads: 0]
[seed: 42]
[deterministic: 0]
[force_col_wise: 0]
[force_row_wise: 0]
[histogram_pool_size: -1]
[max_depth: -1]
[min_data_in_leaf: 20]
[min_sum_hessian_in_leaf: 0.001]
[bagging_fraction: 0.8]
[pos_bagging_fraction: 1]
[neg_bagging_fraction: 1]
[bagging_freq: 5]
[bagging_seed: 400]
[bagging_by_query: 0]
[feature_fraction: 0.8]
[feature_fraction_bynode: 1]
[feature_fraction_seed: 30056]
[extra_trees: 0]
[extra_seed: 12879]
[early_stopping_round: 0]
[early_stopping_min_delta: 0]
[first_metric_only: 0]
[max_delta_step: 0]
[lambda_l1: 0]
[lambda_l2: 0]
[linear_lambda: 0]
[min_gain_to_split: 0]
[drop_rate: 0.1]
[max_drop: 50]
[skip_drop: 0.5]
[xgboost_dart_mode: 0]
[uniform_drop: 0]
[drop_seed: 17869]
[top_rate: 0.2]
[other_rate: 0.1]
[min_data_per_group: 100]
[max_cat_threshold: 32]
[cat_l2: 10]
[cat_smooth: 10]
[max_cat_to_onehot: 4]
[top_k: 20]
[monotone_constraints: ]
[monotone_constraints_method: basic]
[monotone_penalty: 0]
[feature_contri: ]
[forcedsplits_filename: ]
[refit_decay_rate: 0.9]
[cegb_tradeoff: 1]
[cegb_penalty_split: 0]
[cegb_penalty_feature_lazy: ]
[cegb_penalty_feature_coupled: ]
[path_smooth: 0]
[interaction_constraints: ]
[verbosity: -1]
[saved_feature_importance_type: 0]
[use_quantized_grad: 0]
[num_grad_quant_bins: 4]
[quant_train_renew_leaf: 0]
[stochastic_rounding: 1]
[linear_tree: 0]
[max_bin: 255]
[max_bin_by_feature: ]
[min_data_in_bin: 3]
[bin_construct_sample_cnt: 200000]
[data_random_seed: 175]
[is_enable_sparse: 1]
[enable_bundle: 1]
[use_missing: 1]
[zero_as_missing: 0]
[feature_pre_filter: 1]
[pre_partition: 0]
[two_round: 0]
[header: 0]
[label_column: ]
[weight_column: ]
[group_column: ]
[ignore_column: ]
[categorical_feature: 17,29,31,48]
[forcedbins_filename: ]
[precise_float_parser: 0]
[parser_config_file: ]
[objective_seed: 16083]
[num_class: 1]
[is_unbalance: 0]
[scale_pos_weight: 196.558]
[sigmoid: 1]
[boost_from_average: 1]
[reg_sqrt: 0]
[alpha: 0.9]
[fair_c: 1]
[poisson_max_delta_step: 0.7]
[tweedie_variance_power: 1.5]
[lambdarank_truncation_level: 30]
[lambdarank_norm: 1]
[label_gain: ]
[lambdarank_position_bias_regularization: 0]
[eval_at: ]
[multi_error_top_k: 1]
[auc_mu_weights: ]
[num_machines: 1]
[local_listen_port: 12400]
[time_out: 120]
[machine_list_filename: ]
[machines: ]
[gpu_platform_id: -1]
[gpu_device_id: -1]
[gpu_device_id_list: ]
[gpu_use_dp: 0]
[num_gpu: 1]

end of parameters

pandas_categorical:[[false, true], [false, true], [false, true], ["indoor", "outdoor"]]
